user_id,age,country,subscription,primary_device,signup_date
U00001,18,Spain,Basic,SmartTV,2024-10-18
U00002,27,Ecuador,Premium,Tablet,2025-03-02
U00003,46,Spain,Premium,SmartTV,2026-11-09
U00004,30,Peru,Standard,SmartTV,2024-09-17
U00005,31,Ecuador,Basic,SmartTV,2026-05-18
U00006,31,Spain,Standard,Mobile,2026-05-06
U00007,50,Peru,Standard,Mobile,2025-12-23
U00008,24,Argentina,Standard,Tablet,2024-02-10
U00009,38,Spain,Standard,Mobile,2026-02-04
U00010,34,Ecuador,Premium,Desktop,2024-06-24
U00011,36,Colombia,Standard,SmartTV,2026-10-27
U00012,38,Ecuador,Standard,SmartTV,2026-07-02
U00013,36,Ecuador,Premium,Tablet,2026-04-12
U00014,45,United States,Premium,Mobile,2025-09-11
U00015,35,Spain,Standard,Tablet,2026-12-16
U00016,56,Peru,Standard,Mobile,2026-01-06
U00017,36,Mexico,Standard,Mobile,2023-09-12
U00018,18,United States,Standard,SmartTV,2023-03-19
U00019,43,Colombia,Basic,Tablet,2023-01-16
U00020,40,Ecuador,Standard,SmartTV,2023-10-05
U00021,35,Spain,Standard,Desktop,2025-01-09
U00022,32,Argentina,Standard,SmartTV,2023-10-07
U00023,18,Ecuador,Premium,Mobile,2023-02-17
U00024,18,Chile,Premium,SmartTV,2023-09-10
U00025,55,Ecuador,Standard,Tablet,2025-03-14
U00026,28,Mexico,Basic,SmartTV,2025-02-07
U00027,47,Mexico,Basic,SmartTV,2026-01-12
U00028,18,Colombia,Standard,SmartTV,2023-06-25
U00029,22,Spain,Premium,SmartTV,2025-09-17
U00030,43,Chile,Standard,Mobile,2026-01-02
U00031,34,Argentina,Basic,Desktop,2026-10-19
U00032,41,Mexico,Basic,SmartTV,2024-06-07
U00033,35,Chile,Basic,SmartTV,2023-04-26
U00034,33,Colombia,Standard,Desktop,2023-04-08
U00035,27,Colombia,Standard,SmartTV,2025-11-20
U00036,21,Argentina,Basic,SmartTV,2023-02-22
U00037,52,Mexico,Standard,Tablet,2024-07-23
U00038,54,Colombia,Premium,Tablet,2023-05-02
U00039,23,United States,Standard,Mobile,2025-03-05
U00040,22,Spain,Basic,SmartTV,2024-09-01
U00041,31,Ecuador,Standard,SmartTV,2025-09-25
U00042,39,Ecuador,Premium,SmartTV,2026-07-26
U00043,33,Chile,Basic,Mobile,2026-05-12
U00044,41,Ecuador,Basic,SmartTV,2024-02-25
U00045,34,United States,Standard,Tablet,2026-05-27
U00046,34,Mexico,Standard,Mobile,2025-10-06
U00047,64,Ecuador,Premium,Desktop,2026-08-26
U00048,29,Peru,Standard,Desktop,2025-06-24
U00049,55,Colombia,Basic,Desktop,2025-10-26
U00050,52,Chile,Premium,SmartTV,2023-05-24
U00051,41,Colombia,Standard,Mobile,2023-02-10
U00052,18,Spain,Standard,SmartTV,2023-06-13
U00053,35,Argentina,Standard,Mobile,2023-08-26
U00054,29,United States,Standard,SmartTV,2025-01-25
U00055,35,Colombia,Premium,Mobile,2023-05-01
U00056,22,Peru,Basic,SmartTV,2025-01-19
U00057,44,Spain,Standard,Desktop,2024-03-23
U00058,47,Peru,Premium,SmartTV,2026-02-16
U00059,49,Peru,Standard,Mobile,2026-07-20
U00060,30,United States,Basic,SmartTV,2025-02-10
U00061,22,Argentina,Basic,Desktop,2023-08-07
U00062,39,Spain,Standard,Mobile,2025-03-20
U00063,56,Peru,Standard,SmartTV,2024-07-17
U00064,36,Mexico,Basic,Mobile,2023-07-08
U00065,40,Chile,Basic,Tablet,2026-02-12
U00066,32,Chile,Standard,SmartTV,2023-10-14
U00067,29,Ecuador,Standard,Mobile,2024-11-20
U00068,43,Spain,Basic,Tablet,2026-11-16
U00069,34,Peru,Standard,Mobile,2025-09-10
U00070,40,Mexico,Standard,SmartTV,2025-10-09
U00071,41,Spain,Basic,Desktop,2023-09-24
U00072,39,Argentina,Basic,SmartTV,2024-01-14
U00073,42,Colombia,Premium,SmartTV,2023-03-23
U00074,25,Mexico,Premium,Mobile,2023-01-12
U00075,24,Chile,Standard,SmartTV,2026-11-13
U00076,34,Colombia,Premium,Mobile,2026-10-06
U00077,35,Ecuador,Standard,SmartTV,2025-03-27
U00078,29,Mexico,Premium,Mobile,2024-06-19
U00079,38,Argentina,Premium,Mobile,2024-05-21
U00080,46,United States,Standard,Mobile,2026-10-19
U00081,49,Peru,Standard,SmartTV,2026-01-16
U00082,52,Peru,Basic,Tablet,2025-05-09
U00083,19,Ecuador,Standard,Tablet,2025-07-24
U00084,21,United States,Standard,SmartTV,2025-02-07
U00085,32,Spain,Standard,SmartTV,2024-08-21
U00086,36,United States,Basic,Tablet,2026-05-05
U00087,32,Chile,Premium,SmartTV,2023-06-12
U00088,28,Colombia,Premium,Mobile,2023-04-27
U00089,31,Mexico,Basic,SmartTV,2024-03-15
U00090,41,Peru,Standard,Mobile,2023-05-13
U00091,19,Peru,Premium,SmartTV,2026-02-14
U00092,63,Ecuador,Standard,SmartTV,2023-10-07
U00093,35,Ecuador,Premium,Desktop,2026-08-27
U00094,48,Peru,Standard,SmartTV,2023-09-17
U00095,28,United States,Standard,Mobile,2023-08-16
U00096,42,Argentina,Standard,Tablet,2023-07-23
U00097,36,Argentina,Standard,Tablet,2026-03-05
U00098,45,Colombia,Standard,SmartTV,2024-03-03
U00099,33,Argentina,Premium,SmartTV,2024-09-02
U00100,54,Peru,Standard,Mobile,2023-11-27
U00101,18,Ecuador,Standard,SmartTV,2023-01-24
U00102,46,Peru,Standard,Tablet,2023-11-15
U00103,36,Ecuador,Standard,Mobile,2024-03-26
U00104,23,Spain,Standard,Desktop,2023-09-05
U00105,58,Spain,Standard,Desktop,2025-01-20
U00106,57,Colombia,Standard,SmartTV,2025-06-01
U00107,18,Mexico,Premium,SmartTV,2023-12-23
U00108,37,Peru,Premium,Mobile,2025-05-17
U00109,43,Ecuador,Standard,Mobile,2023-08-08
U00110,40,Mexico,Standard,SmartTV,2026-02-20
U00111,53,Argentina,Premium,Mobile,2023-09-26
U00112,51,Argentina,Basic,Desktop,2025-10-10
U00113,38,Ecuador,Basic,Mobile,2024-05-20
U00114,62,Chile,Basic,SmartTV,2024-12-16
U00115,46,Ecuador,Standard,Mobile,2025-11-06
U00116,31,Ecuador,Standard,Desktop,2026-01-10
U00117,28,Ecuador,Standard,SmartTV,2024-10-19
U00118,50,Ecuador,Standard,Mobile,2025-12-12
U00119,25,Peru,Basic,Tablet,2025-12-25
U00120,30,Peru,Standard,Tablet,2026-03-23
U00121,32,Mexico,Basic,SmartTV,2023-01-12
U00122,39,Colombia,Standard,SmartTV,2025-01-02
U00123,33,Ecuador,Standard,Mobile,2025-04-09
U00124,19,United States,Basic,SmartTV,2023-04-08
U00125,49,Spain,Basic,Mobile,2023-09-10
U00126,30,Ecuador,Standard,SmartTV,2025-08-16
U00127,59,Peru,Basic,Mobile,2023-12-06
U00128,39,Ecuador,Standard,SmartTV,2026-11-03
U00129,50,United States,Premium,Desktop,2024-03-15
U00130,43,Peru,Standard,SmartTV,2025-07-24
U00131,51,Ecuador,Basic,Mobile,2025-04-27
U00132,42,Argentina,Standard,Desktop,2026-08-06
U00133,38,Argentina,Basic,SmartTV,2023-04-10
U00134,48,Colombia,Premium,SmartTV,2024-07-15
U00135,65,Colombia,Premium,Tablet,2023-04-07
U00136,32,Peru,Standard,Desktop,2024-05-19
U00137,45,Colombia,Standard,Mobile,2025-07-27
U00138,35,Colombia,Standard,SmartTV,2023-02-11
U00139,41,Spain,Standard,Desktop,2026-09-19
U00140,36,Argentina,Basic,Tablet,2025-03-15
U00141,18,Mexico,Premium,Mobile,2023-12-25
U00142,33,Mexico,Standard,Tablet,2025-03-16
U00143,47,Chile,Premium,SmartTV,2024-04-11
U00144,26,Peru,Premium,Mobile,2023-12-21
U00145,46,Argentina,Standard,SmartTV,2024-03-01
U00146,37,Ecuador,Standard,SmartTV,2024-02-26
U00147,33,Ecuador,Standard,SmartTV,2024-09-12
U00148,46,Ecuador,Premium,Desktop,2025-05-22
U00149,43,Argentina,Basic,SmartTV,2025-12-23
U00150,40,Mexico,Standard,SmartTV,2023-08-25
U00151,47,Chile,Standard,SmartTV,2026-02-15
U00152,37,Chile,Basic,SmartTV,2025-10-06
U00153,18,Spain,Basic,Tablet,2024-12-06
U00154,30,Ecuador,Premium,SmartTV,2023-02-27
U00155,18,Peru,Standard,SmartTV,2023-09-17
U00156,43,Argentina,Standard,Mobile,2024-12-11
U00157,46,Mexico,Basic,Mobile,2024-09-10
U00158,46,Peru,Standard,Desktop,2025-04-26
U00159,41,Colombia,Standard,SmartTV,2024-02-27
U00160,47,United States,Standard,SmartTV,2025-10-17
U00161,18,Peru,Premium,Mobile,2023-01-02
U00162,34,Spain,Basic,SmartTV,2026-02-16
U00163,18,Argentina,Standard,Mobile,2024-10-22
U00164,31,Spain,Premium,Mobile,2024-12-22
U00165,54,Ecuador,Basic,Desktop,2024-02-25
U00166,48,Chile,Premium,SmartTV,2023-05-04
U00167,43,Colombia,Standard,Mobile,2025-02-05
U00168,33,Colombia,Basic,Mobile,2026-06-18
U00169,23,Colombia,Basic,SmartTV,2023-07-06
U00170,37,Peru,Standard,SmartTV,2026-04-17
U00171,48,Peru,Premium,SmartTV,2026-01-03
U00172,40,Mexico,Premium,Desktop,2026-04-15
U00173,18,Colombia,Standard,Desktop,2025-10-11
U00174,36,Colombia,Basic,Mobile,2023-01-26
U00175,18,Peru,Standard,Desktop,2026-04-10
U00176,45,Mexico,Standard,SmartTV,2026-05-05
U00177,27,Ecuador,Basic,SmartTV,2023-10-02
U00178,20,Argentina,Basic,Tablet,2024-01-02
U00179,45,Peru,Standard,SmartTV,2024-02-04
U00180,42,Mexico,Standard,Mobile,2025-08-23
U00181,38,Argentina,Standard,Mobile,2025-10-06
U00182,61,Chile,Standard,Tablet,2025-08-07
U00183,43,Mexico,Basic,Desktop,2025-01-16
U00184,27,United States,Basic,SmartTV,2024-01-03
U00185,41,Ecuador,Standard,SmartTV,2026-06-26
U00186,32,Peru,Standard,SmartTV,2025-07-27
U00187,50,United States,Basic,Mobile,2026-12-06
U00188,38,Spain,Premium,Mobile,2025-10-10
U00189,40,Mexico,Standard,Mobile,2024-05-05
U00190,18,Colombia,Basic,Mobile,2026-09-20
U00191,36,Peru,Standard,Mobile,2023-08-11
U00192,34,Spain,Premium,SmartTV,2024-11-21
U00193,23,Mexico,Standard,SmartTV,2026-10-09
U00194,32,Colombia,Basic,Mobile,2024-01-17
U00195,40,Ecuador,Standard,Mobile,2024-02-14
U00196,35,Spain,Basic,Tablet,2023-08-05
U00197,18,Mexico,Premium,Mobile,2024-05-25
U00198,32,United States,Premium,Desktop,2024-09-07
U00199,29,Peru,Premium,SmartTV,2025-12-26
U00200,37,Peru,Standard,Mobile,2024-09-01
U00201,36,Colombia,Standard,Mobile,2025-10-12
U00202,30,Chile,Standard,Mobile,2025-01-08
U00203,30,Colombia,Premium,Tablet,2023-02-10
U00204,36,Ecuador,Basic,SmartTV,2025-02-11
U00205,47,Colombia,Standard,SmartTV,2023-07-13
U00206,38,Colombia,Premium,Tablet,2025-10-04
U00207,52,Spain,Premium,SmartTV,2025-06-19
U00208,49,Colombia,Standard,Desktop,2024-02-27
U00209,53,Chile,Standard,SmartTV,2026-04-09
U00210,51,Mexico,Basic,SmartTV,2023-03-09
U00211,54,Ecuador,Standard,Desktop,2023-07-15
U00212,21,Chile,Basic,SmartTV,2026-02-24
U00213,43,Spain,Standard,Mobile,2024-10-12
U00214,50,Mexico,Standard,Mobile,2023-01-15
U00215,52,Chile,Premium,Desktop,2023-10-26
U00216,26,Spain,Premium,Mobile,2026-10-06
U00217,43,United States,Premium,Tablet,2025-01-16
U00218,36,Spain,Premium,SmartTV,2026-10-13
U00219,57,Peru,Standard,Mobile,2023-02-18
U00220,18,Mexico,Basic,SmartTV,2023-09-16
U00221,26,Chile,Standard,SmartTV,2023-04-19
U00222,18,Colombia,Standard,SmartTV,2026-05-03
U00223,37,Peru,Standard,SmartTV,2024-05-20
U00224,62,Spain,Standard,SmartTV,2023-03-16
U00225,34,Colombia,Premium,Mobile,2025-12-10
U00226,36,United States,Standard,SmartTV,2026-03-14
U00227,42,United States,Standard,SmartTV,2025-09-04
U00228,34,Colombia,Premium,SmartTV,2023-01-02
U00229,39,Ecuador,Standard,Tablet,2026-05-24
U00230,40,United States,Standard,Tablet,2026-09-06
U00231,25,Ecuador,Standard,Mobile,2024-08-22
U00232,34,Argentina,Standard,SmartTV,2025-10-04
U00233,44,Ecuador,Basic,SmartTV,2026-01-05
U00234,46,Colombia,Standard,Desktop,2023-09-25
U00235,51,Colombia,Premium,Tablet,2024-06-11
U00236,39,Colombia,Basic,Tablet,2025-11-27
U00237,39,United States,Standard,SmartTV,2023-04-21
U00238,44,Ecuador,Standard,Mobile,2024-04-04
U00239,28,Ecuador,Standard,Mobile,2024-05-15
U00240,27,Mexico,Premium,Tablet,2023-11-11
U00241,34,United States,Standard,Tablet,2025-07-16
U00242,20,Peru,Premium,Desktop,2025-03-23
U00243,40,Argentina,Premium,Desktop,2024-05-12
U00244,48,Ecuador,Standard,SmartTV,2024-02-16
U00245,26,Spain,Premium,Mobile,2023-11-09
U00246,40,Argentina,Premium,SmartTV,2023-05-11
U00247,27,United States,Premium,Tablet,2026-04-16
U00248,23,Mexico,Standard,Desktop,2024-08-16
U00249,60,United States,Basic,SmartTV,2025-02-12
U00250,23,Peru,Basic,SmartTV,2024-01-19
U00251,20,Argentina,Standard,Desktop,2023-01-15
U00252,38,Argentina,Standard,SmartTV,2024-09-21
U00253,38,Colombia,Standard,SmartTV,2026-11-22
U00254,43,United States,Standard,SmartTV,2024-08-05
U00255,59,Argentina,Premium,SmartTV,2025-07-23
U00256,26,Spain,Basic,Tablet,2026-12-23
U00257,28,Peru,Premium,Mobile,2023-04-20
U00258,54,Spain,Basic,Tablet,2026-09-19
U00259,46,Colombia,Standard,SmartTV,2025-02-14
U00260,45,United States,Premium,Desktop,2025-08-08
U00261,28,Ecuador,Basic,Mobile,2023-04-23
U00262,49,Mexico,Basic,Desktop,2026-12-24
U00263,45,Ecuador,Premium,SmartTV,2024-01-03
U00264,37,Argentina,Premium,Tablet,2023-01-23
U00265,28,Peru,Premium,SmartTV,2025-08-27
U00266,36,Spain,Basic,Mobile,2024-04-15
U00267,55,Spain,Standard,Desktop,2026-07-07
U00268,22,Peru,Basic,SmartTV,2026-07-16
U00269,25,Spain,Basic,Tablet,2023-03-01
U00270,27,Mexico,Premium,SmartTV,2026-06-18
U00271,30,Peru,Basic,Mobile,2025-08-22
U00272,35,Peru,Standard,Mobile,2024-05-22
U00273,47,Colombia,Basic,Mobile,2026-03-05
U00274,41,Ecuador,Standard,SmartTV,2025-09-09
U00275,36,Chile,Basic,Mobile,2024-06-12
U00276,38,Chile,Basic,Mobile,2026-10-01
U00277,42,Peru,Basic,SmartTV,2024-08-19
U00278,18,United States,Premium,SmartTV,2023-04-22
U00279,48,Ecuador,Standard,Tablet,2026-08-03
U00280,25,Spain,Standard,SmartTV,2023-04-27
U00281,30,Spain,Standard,Desktop,2023-07-03
U00282,39,Argentina,Standard,Mobile,2026-04-25
U00283,34,Chile,Standard,SmartTV,2025-09-15
U00284,41,Colombia,Standard,SmartTV,2026-06-18
U00285,37,Spain,Standard,SmartTV,2025-05-23
U00286,32,Argentina,Premium,Tablet,2025-07-14
U00287,53,Spain,Premium,SmartTV,2024-01-14
U00288,43,Colombia,Premium,SmartTV,2024-10-10
U00289,39,Mexico,Standard,Mobile,2024-03-22
U00290,43,Peru,Basic,Desktop,2024-10-01
U00291,27,Mexico,Basic,SmartTV,2023-05-07
U00292,61,Argentina,Basic,Desktop,2026-06-13
U00293,22,Ecuador,Standard,SmartTV,2023-10-22
U00294,36,Ecuador,Standard,SmartTV,2023-10-05
U00295,32,Ecuador,Standard,Mobile,2026-10-15
U00296,31,Ecuador,Standard,SmartTV,2025-09-23
U00297,30,Colombia,Standard,SmartTV,2026-10-02
U00298,26,Ecuador,Premium,Mobile,2026-02-20
U00299,49,Peru,Basic,SmartTV,2023-07-26
U00300,21,Mexico,Basic,SmartTV,2024-01-24
U00301,47,Spain,Standard,SmartTV,2025-08-15
U00302,43,Peru,Standard,Desktop,2023-02-25
U00303,30,Ecuador,Standard,SmartTV,2025-05-01
U00304,41,Argentina,Premium,SmartTV,2023-11-21
U00305,33,Peru,Basic,Mobile,2023-11-17
U00306,22,Colombia,Standard,Mobile,2025-05-08
U00307,22,Chile,Premium,SmartTV,2025-08-07
U00308,43,United States,Standard,Mobile,2026-07-24
U00309,42,Peru,Standard,Tablet,2023-04-15
U00310,38,United States,Basic,Mobile,2024-04-26
U00311,30,Colombia,Standard,SmartTV,2024-01-16
U00312,33,Ecuador,Basic,Tablet,2026-03-05
U00313,31,Ecuador,Standard,Desktop,2025-01-03
U00314,18,Argentina,Standard,SmartTV,2025-03-10
U00315,36,Chile,Premium,Mobile,2026-06-12
U00316,41,Mexico,Standard,SmartTV,2023-01-23
U00317,36,United States,Basic,Tablet,2026-03-19
U00318,56,Chile,Premium,Tablet,2025-09-08
U00319,23,Ecuador,Standard,SmartTV,2025-06-02
U00320,27,Argentina,Standard,SmartTV,2023-12-26
U00321,37,Colombia,Standard,SmartTV,2025-08-07
U00322,38,Mexico,Premium,Desktop,2023-03-26
U00323,18,Spain,Premium,SmartTV,2023-02-07
U00324,42,Chile,Basic,Mobile,2023-07-01
U00325,38,Colombia,Standard,Tablet,2024-12-27
U00326,18,Mexico,Standard,Tablet,2024-07-14
U00327,34,Ecuador,Standard,SmartTV,2025-11-15
U00328,25,Colombia,Standard,Desktop,2025-09-18
U00329,30,Chile,Standard,Tablet,2025-05-18
U00330,19,Colombia,Standard,Mobile,2026-07-20
U00331,40,Ecuador,Basic,SmartTV,2026-10-04
U00332,56,Mexico,Premium,SmartTV,2025-11-20
U00333,38,Peru,Standard,Desktop,2023-11-24
U00334,18,Peru,Standard,Mobile,2024-06-07
U00335,38,United States,Premium,Desktop,2026-03-07
U00336,33,Ecuador,Premium,Tablet,2024-06-10
U00337,22,Ecuador,Premium,SmartTV,2026-12-13
U00338,39,Spain,Standard,SmartTV,2025-03-22
U00339,46,Ecuador,Basic,SmartTV,2025-09-26
U00340,27,United States,Basic,SmartTV,2026-07-11
U00341,18,Mexico,Premium,SmartTV,2026-03-15
U00342,18,Chile,Premium,SmartTV,2023-08-08
U00343,27,Colombia,Standard,Tablet,2025-01-05
U00344,33,Peru,Standard,Mobile,2025-02-10
U00345,29,Spain,Standard,Tablet,2024-04-01
U00346,27,Ecuador,Standard,Tablet,2026-08-10
U00347,42,Argentina,Basic,SmartTV,2023-03-12
U00348,41,Spain,Standard,Tablet,2024-12-18
U00349,37,Argentina,Standard,Tablet,2024-07-02
U00350,45,Ecuador,Premium,Mobile,2026-05-13
U00351,27,Argentina,Standard,Mobile,2023-04-21
U00352,22,Argentina,Standard,SmartTV,2025-10-18
U00353,29,Ecuador,Basic,SmartTV,2024-01-12
U00354,28,United States,Basic,Mobile,2024-10-02
U00355,18,Ecuador,Basic,SmartTV,2023-05-27
U00356,28,United States,Standard,SmartTV,2025-08-12
U00357,48,Ecuador,Standard,SmartTV,2023-01-21
U00358,45,Colombia,Standard,Mobile,2023-11-05
U00359,41,Mexico,Standard,Mobile,2023-03-20
U00360,37,Ecuador,Standard,SmartTV,2025-11-02
U00361,52,Colombia,Standard,Mobile,2023-12-18
U00362,22,Ecuador,Premium,SmartTV,2025-05-19
U00363,23,Spain,Basic,SmartTV,2023-11-20
U00364,48,Ecuador,Standard,Tablet,2026-03-17
U00365,35,Mexico,Basic,Tablet,2023-08-19
U00366,27,Mexico,Basic,Tablet,2024-10-02
U00367,42,Chile,Standard,SmartTV,2024-08-25
U00368,30,Peru,Premium,Mobile,2024-10-24
U00369,25,Colombia,Standard,Desktop,2024-04-14
U00370,25,United States,Standard,SmartTV,2023-12-18
U00371,39,Spain,Basic,Mobile,2023-01-13
U00372,37,United States,Basic,Mobile,2023-09-11
U00373,53,Argentina,Premium,Desktop,2024-03-01
U00374,32,Spain,Standard,Desktop,2023-07-27
U00375,31,United States,Standard,SmartTV,2023-03-09
U00376,52,Chile,Premium,Tablet,2024-12-11
U00377,47,United States,Standard,Desktop,2025-02-07
U00378,37,Ecuador,Basic,Mobile,2024-01-18
U00379,18,Ecuador,Standard,SmartTV,2024-08-26
U00380,25,Chile,Standard,Desktop,2026-05-04
U00381,22,Chile,Standard,Tablet,2024-04-06
U00382,35,Peru,Standard,SmartTV,2023-08-14
U00383,29,Chile,Standard,Desktop,2025-11-12
U00384,54,Chile,Standard,SmartTV,2023-05-08
U00385,18,Spain,Standard,SmartTV,2026-05-25
U00386,21,Peru,Basic,SmartTV,2023-06-18
U00387,38,Colombia,Standard,Mobile,2024-06-19
U00388,41,Argentina,Standard,Desktop,2025-03-25
U00389,18,Mexico,Standard,Mobile,2023-01-10
U00390,18,Spain,Premium,SmartTV,2026-06-05
U00391,32,Colombia,Standard,Mobile,2023-06-20
U00392,51,Ecuador,Standard,Mobile,2025-03-19
U00393,58,United States,Standard,SmartTV,2025-09-19
U00394,30,Ecuador,Standard,SmartTV,2023-05-17
U00395,33,Mexico,Basic,Desktop,2025-04-24
U00396,25,Colombia,Standard,Tablet,2023-09-04
U00397,43,Peru,Standard,SmartTV,2026-10-07
U00398,53,Spain,Basic,Tablet,2023-02-23
U00399,50,Peru,Premium,Desktop,2024-07-09
U00400,35,Ecuador,Standard,SmartTV,2023-09-01
U00401,25,Argentina,Standard,SmartTV,2026-07-14
U00402,35,Ecuador,Standard,SmartTV,2023-06-10
U00403,52,Colombia,Standard,Mobile,2023-03-04
U00404,30,Chile,Standard,Mobile,2023-03-15
U00405,18,Peru,Basic,Tablet,2023-09-10
U00406,31,Mexico,Premium,SmartTV,2024-02-12
U00407,32,Peru,Standard,Mobile,2023-07-02
U00408,18,Peru,Standard,Mobile,2023-03-10
U00409,38,Peru,Standard,Mobile,2025-06-04
U00410,41,United States,Standard,SmartTV,2026-02-20
U00411,57,Ecuador,Premium,Mobile,2023-09-01
U00412,19,United States,Standard,SmartTV,2023-08-02
U00413,44,Peru,Premium,Mobile,2024-12-02
U00414,47,Peru,Standard,SmartTV,2026-04-14
U00415,41,Argentina,Premium,Tablet,2025-04-21
U00416,23,Peru,Premium,Mobile,2024-06-25
U00417,22,Mexico,Premium,Tablet,2026-09-10
U00418,36,United States,Premium,Tablet,2023-12-10
U00419,36,Spain,Standard,SmartTV,2023-01-15
U00420,28,Chile,Standard,Desktop,2024-09-13
U00421,50,Argentina,Basic,SmartTV,2025-01-08
U00422,30,Peru,Standard,Desktop,2024-10-10
U00423,18,Argentina,Standard,Tablet,2026-10-18
U00424,32,Ecuador,Basic,SmartTV,2023-09-18
U00425,41,Ecuador,Standard,SmartTV,2023-09-20
U00426,39,Chile,Basic,SmartTV,2025-09-11
U00427,39,Colombia,Standard,Desktop,2025-10-24
U00428,53,Argentina,Standard,SmartTV,2025-10-15
U00429,22,Ecuador,Premium,Tablet,2025-06-12
U00430,30,Ecuador,Basic,Desktop,2026-03-23
U00431,54,Mexico,Basic,Desktop,2023-11-07
U00432,18,Chile,Standard,Tablet,2023-06-05
U00433,34,United States,Standard,Desktop,2024-03-06
U00434,50,Colombia,Basic,Tablet,2025-01-03
U00435,50,Ecuador,Standard,Mobile,2023-02-18
U00436,43,Ecuador,Premium,SmartTV,2024-09-12
U00437,43,Peru,Standard,SmartTV,2026-12-27
U00438,23,Ecuador,Basic,Mobile,2025-08-03
U00439,51,Argentina,Basic,Mobile,2023-04-27
U00440,21,Ecuador,Standard,Desktop,2025-06-21
U00441,21,United States,Standard,SmartTV,2025-01-05
U00442,40,Chile,Premium,Desktop,2024-02-22
U00443,29,Mexico,Basic,Desktop,2026-01-07
U00444,37,Ecuador,Standard,SmartTV,2025-05-05
U00445,40,Ecuador,Premium,Tablet,2026-02-07
U00446,56,Peru,Basic,Mobile,2025-02-07
U00447,40,Chile,Premium,SmartTV,2025-01-18
U00448,28,Mexico,Standard,Tablet,2024-11-23
U00449,43,Colombia,Standard,SmartTV,2026-03-24
U00450,25,Colombia,Standard,Tablet,2024-07-21
U00451,46,United States,Premium,SmartTV,2025-05-17
U00452,36,Colombia,Premium,SmartTV,2024-08-17
U00453,40,Ecuador,Basic,SmartTV,2023-04-12
U00454,18,Peru,Standard,Mobile,2023-12-08
U00455,18,Colombia,Basic,SmartTV,2023-12-06
U00456,18,Peru,Standard,SmartTV,2026-03-15
U00457,56,Mexico,Standard,Mobile,2023-01-22
U00458,21,Mexico,Standard,SmartTV,2026-12-24
U00459,44,Mexico,Standard,SmartTV,2026-05-27
U00460,27,Ecuador,Standard,Mobile,2025-01-26
U00461,32,Ecuador,Basic,SmartTV,2026-05-09
U00462,34,Spain,Basic,Mobile,2026-07-22
U00463,55,Colombia,Basic,Mobile,2025-09-25
U00464,42,Colombia,Standard,SmartTV,2024-02-11
U00465,40,Chile,Premium,Mobile,2025-10-20
U00466,51,Argentina,Standard,SmartTV,2026-08-24
U00467,27,Ecuador,Premium,Mobile,2025-07-26
U00468,48,United States,Basic,Tablet,2023-09-26
U00469,46,Colombia,Standard,Tablet,2023-08-16
U00470,46,United States,Basic,Mobile,2023-07-16
U00471,33,Colombia,Basic,Mobile,2024-05-03
U00472,30,Argentina,Standard,Desktop,2025-04-20
U00473,25,Peru,Standard,Mobile,2023-07-19
U00474,25,Spain,Standard,SmartTV,2023-05-04
U00475,24,Chile,Standard,SmartTV,2023-11-17
U00476,39,Spain,Premium,SmartTV,2025-01-17
U00477,32,Argentina,Standard,Tablet,2026-03-16
U00478,40,Mexico,Basic,SmartTV,2026-03-27
U00479,41,Colombia,Standard,SmartTV,2024-03-05
U00480,22,Colombia,Standard,SmartTV,2023-09-17
U00481,22,United States,Premium,SmartTV,2024-08-05
U00482,32,United States,Basic,SmartTV,2026-01-26
U00483,26,Ecuador,Standard,Mobile,2023-04-06
U00484,24,Colombia,Standard,Desktop,2023-10-11
U00485,55,Ecuador,Premium,Desktop,2026-05-17
U00486,18,Colombia,Basic,Mobile,2023-07-13
U00487,59,Colombia,Premium,SmartTV,2023-11-11
U00488,38,Spain,Standard,SmartTV,2024-06-18
U00489,47,Ecuador,Standard,Desktop,2024-02-24
U00490,45,United States,Premium,Tablet,2023-01-21
U00491,42,United States,Standard,Desktop,2023-10-09
U00492,55,Colombia,Basic,Tablet,2026-01-19
U00493,22,Chile,Standard,Mobile,2023-05-14
U00494,33,Chile,Standard,Desktop,2025-04-26
U00495,25,Colombia,Standard,Mobile,2025-02-01
U00496,18,Argentina,Standard,Mobile,2024-10-05
U00497,27,Mexico,Standard,Mobile,2023-04-17
U00498,57,Ecuador,Premium,SmartTV,2025-07-01
U00499,33,United States,Standard,Mobile,2026-01-20
U00500,59,Colombia,Standard,Mobile,2025-03-07
U00501,60,Ecuador,Basic,Desktop,2024-07-04
U00502,71,United States,Premium,SmartTV,2023-07-09
U00503,58,Ecuador,Basic,SmartTV,2024-11-05
U00504,63,Ecuador,Standard,Mobile,2023-06-25
U00505,39,Colombia,Standard,Mobile,2026-09-10
U00506,38,Colombia,Premium,SmartTV,2026-09-07
U00507,39,Peru,Basic,SmartTV,2024-01-22
U00508,35,Mexico,Standard,SmartTV,2024-09-07
U00509,37,Peru,Basic,SmartTV,2024-04-14
U00510,44,Mexico,Premium,Mobile,2025-09-11
U00511,29,Ecuador,Standard,SmartTV,2024-12-08
U00512,18,Peru,Standard,SmartTV,2024-12-06
U00513,39,United States,Basic,SmartTV,2026-11-21
U00514,27,Argentina,Standard,Desktop,2024-08-21
U00515,28,Argentina,Basic,SmartTV,2023-01-10
U00516,33,Colombia,Standard,SmartTV,2024-08-13
U00517,31,Chile,Premium,SmartTV,2025-09-26
U00518,48,Spain,Basic,SmartTV,2024-09-10
U00519,33,United States,Standard,SmartTV,2025-11-08
U00520,49,Argentina,Basic,Mobile,2023-07-26
U00521,37,Chile,Standard,Desktop,2026-06-26
U00522,34,Ecuador,Standard,Desktop,2023-11-01
U00523,37,Ecuador,Standard,SmartTV,2024-04-26
U00524,20,Ecuador,Standard,SmartTV,2023-02-04
U00525,39,Peru,Premium,SmartTV,2023-04-21
U00526,45,Ecuador,Premium,SmartTV,2026-06-19
U00527,47,Peru,Premium,SmartTV,2023-11-20
U00528,19,Mexico,Basic,SmartTV,2024-06-05
U00529,18,Mexico,Premium,Desktop,2023-01-14
U00530,29,Mexico,Standard,Mobile,2024-03-27
U00531,52,Colombia,Basic,Mobile,2024-09-11
U00532,38,Chile,Standard,SmartTV,2025-10-18
U00533,26,United States,Basic,Mobile,2023-08-17
U00534,18,Peru,Premium,Desktop,2023-12-11
U00535,27,Spain,Basic,Desktop,2025-06-16
U00536,26,Peru,Standard,SmartTV,2024-02-05
U00537,46,Mexico,Standard,Tablet,2024-06-09
U00538,47,Chile,Basic,Tablet,2026-10-15
U00539,22,Mexico,Premium,Mobile,2026-11-11
U00540,44,United States,Standard,SmartTV,2026-11-02
U00541,43,Peru,Standard,Mobile,2023-10-03
U00542,21,Argentina,Standard,SmartTV,2023-03-25
U00543,34,United States,Premium,Desktop,2025-04-17
U00544,39,Spain,Standard,Mobile,2024-11-16
U00545,37,Ecuador,Basic,SmartTV,2025-12-23
U00546,18,Ecuador,Premium,SmartTV,2025-12-21
U00547,37,United States,Standard,Tablet,2023-11-27
U00548,43,Argentina,Basic,Mobile,2023-02-11
U00549,54,United States,Basic,Tablet,2026-11-05
U00550,27,Colombia,Basic,Mobile,2023-10-10
U00551,28,Spain,Premium,Mobile,2024-10-26
U00552,32,Spain,Premium,SmartTV,2026-04-13
U00553,38,Spain,Standard,SmartTV,2026-10-18
U00554,36,Mexico,Standard,Tablet,2026-02-07
U00555,42,Ecuador,Premium,SmartTV,2024-06-01
U00556,21,Mexico,Standard,SmartTV,2023-10-20
U00557,40,Mexico,Standard,Mobile,2023-11-15
U00558,26,Peru,Premium,Tablet,2025-08-01
U00559,33,Colombia,Basic,SmartTV,2024-11-19
U00560,55,United States,Basic,SmartTV,2026-01-09
U00561,18,Ecuador,Premium,SmartTV,2026-02-23
U00562,32,Peru,Standard,Mobile,2025-02-11
U00563,20,Mexico,Basic,Tablet,2025-11-23
U00564,37,United States,Standard,SmartTV,2024-04-27
U00565,48,Mexico,Standard,SmartTV,2026-06-14
U00566,37,Colombia,Standard,SmartTV,2025-03-15
U00567,34,Ecuador,Premium,SmartTV,2025-01-23
U00568,51,Colombia,Premium,SmartTV,2023-08-03
U00569,39,Colombia,Standard,SmartTV,2024-07-25
U00570,45,Spain,Standard,Mobile,2024-02-24
U00571,44,Peru,Standard,SmartTV,2024-02-08
U00572,18,Ecuador,Basic,SmartTV,2026-04-16
U00573,34,Spain,Standard,SmartTV,2024-04-02
U00574,22,Ecuador,Standard,SmartTV,2023-03-04
U00575,25,Ecuador,Premium,Mobile,2024-09-17
U00576,53,Chile,Premium,Mobile,2024-01-02
U00577,31,Ecuador,Basic,Mobile,2023-02-12
U00578,58,Ecuador,Premium,SmartTV,2026-08-11
U00579,18,United States,Standard,Tablet,2023-05-16
U00580,22,Spain,Basic,SmartTV,2026-07-22
U00581,44,Argentina,Standard,SmartTV,2026-05-26
U00582,31,Mexico,Premium,SmartTV,2025-03-27
U00583,39,Ecuador,Standard,SmartTV,2023-06-23
U00584,34,Spain,Standard,Tablet,2026-07-25
U00585,33,Chile,Standard,Mobile,2024-03-22
U00586,31,Ecuador,Standard,SmartTV,2023-05-17
U00587,37,Colombia,Standard,Desktop,2024-04-17
U00588,43,Chile,Standard,Mobile,2025-02-10
U00589,54,Ecuador,Premium,SmartTV,2023-01-09
U00590,33,Colombia,Standard,Desktop,2025-02-19
U00591,30,Peru,Basic,SmartTV,2025-07-04
U00592,29,Chile,Standard,Mobile,2026-06-19
U00593,53,Ecuador,Standard,Desktop,2023-12-10
U00594,43,Mexico,Standard,Mobile,2024-07-10
U00595,18,Colombia,Standard,Tablet,2023-11-06
U00596,18,Mexico,Basic,SmartTV,2023-01-03
U00597,25,Colombia,Standard,SmartTV,2023-08-23
U00598,38,Peru,Premium,SmartTV,2024-09-12
U00599,35,Mexico,Standard,Mobile,2025-01-15
U00600,41,Mexico,Standard,SmartTV,2023-12-07
U00601,33,Ecuador,Standard,Mobile,2023-10-17
U00602,52,Chile,Standard,Desktop,2024-02-11
U00603,44,Spain,Standard,SmartTV,2025-04-27
U00604,36,Colombia,Standard,SmartTV,2024-12-15
U00605,49,Chile,Standard,Tablet,2024-04-20
U00606,18,Peru,Standard,Mobile,2025-12-20
U00607,34,Spain,Standard,SmartTV,2023-07-13
U00608,37,Peru,Standard,SmartTV,2026-11-11
U00609,42,United States,Basic,SmartTV,2026-01-10
U00610,18,Mexico,Standard,Tablet,2024-10-13
U00611,32,Mexico,Standard,SmartTV,2024-05-23
U00612,40,Colombia,Basic,Desktop,2023-02-16
U00613,41,Mexico,Standard,SmartTV,2025-10-23
U00614,49,Ecuador,Standard,SmartTV,2025-03-26
U00615,44,Peru,Standard,Tablet,2026-12-10
U00616,34,Colombia,Standard,SmartTV,2026-06-26
U00617,43,Mexico,Standard,Tablet,2023-05-17
U00618,33,Argentina,Premium,Mobile,2023-03-18
U00619,37,United States,Basic,SmartTV,2023-01-20
U00620,45,Colombia,Standard,Desktop,2024-02-16
U00621,34,United States,Standard,SmartTV,2023-05-19
U00622,39,Spain,Standard,Tablet,2024-10-17
U00623,47,Spain,Premium,SmartTV,2024-12-04
U00624,44,Argentina,Premium,SmartTV,2024-01-26
U00625,50,Colombia,Basic,Mobile,2023-01-19
U00626,63,Spain,Basic,Mobile,2023-12-20
U00627,43,Mexico,Premium,SmartTV,2023-04-13
U00628,29,Argentina,Basic,SmartTV,2024-03-04
U00629,41,Colombia,Premium,Mobile,2024-05-10
U00630,41,Ecuador,Standard,SmartTV,2024-03-27
U00631,42,Colombia,Standard,SmartTV,2024-01-25
U00632,53,Chile,Basic,Mobile,2024-02-03
U00633,18,Peru,Standard,Mobile,2023-03-12
U00634,53,United States,Basic,Desktop,2024-11-24
U00635,57,Ecuador,Standard,SmartTV,2025-12-16
U00636,42,Ecuador,Premium,Tablet,2024-03-11
U00637,42,Colombia,Standard,SmartTV,2025-06-04
U00638,32,Ecuador,Standard,Mobile,2023-09-09
U00639,35,Peru,Basic,SmartTV,2023-05-19
U00640,43,Argentina,Standard,Mobile,2023-04-05
U00641,43,United States,Standard,SmartTV,2026-12-27
U00642,44,Colombia,Standard,SmartTV,2024-01-14
U00643,43,Colombia,Premium,Tablet,2025-05-01
U00644,46,Argentina,Premium,SmartTV,2024-08-03
U00645,44,Colombia,Premium,Mobile,2024-09-27
U00646,23,Argentina,Basic,Desktop,2025-02-27
U00647,45,Mexico,Basic,Mobile,2025-10-17
U00648,57,Spain,Basic,Desktop,2025-06-18
U00649,35,Ecuador,Standard,Desktop,2024-02-08
U00650,53,United States,Basic,SmartTV,2024-08-07
U00651,24,United States,Premium,SmartTV,2024-03-04
U00652,35,Ecuador,Premium,Mobile,2025-04-07
U00653,27,Chile,Basic,SmartTV,2023-09-14
U00654,52,Peru,Standard,Tablet,2023-07-26
U00655,55,Colombia,Standard,SmartTV,2024-04-10
U00656,34,United States,Standard,SmartTV,2023-10-23
U00657,49,Ecuador,Standard,SmartTV,2025-12-12
U00658,55,Colombia,Basic,SmartTV,2023-03-21
U00659,35,Ecuador,Premium,SmartTV,2026-10-11
U00660,37,Mexico,Standard,Tablet,2023-06-03
U00661,44,Spain,Basic,Mobile,2023-10-21
U00662,25,Mexico,Basic,Mobile,2026-12-27
U00663,36,Mexico,Premium,SmartTV,2026-09-05
U00664,61,Ecuador,Basic,Mobile,2026-11-09
U00665,29,Argentina,Premium,Mobile,2024-01-19
U00666,45,Peru,Standard,Mobile,2023-12-23
U00667,41,Chile,Premium,SmartTV,2026-01-21
U00668,33,Mexico,Premium,SmartTV,2026-04-11
U00669,38,United States,Premium,SmartTV,2023-08-22
U00670,56,Argentina,Standard,Desktop,2025-10-25
U00671,42,Mexico,Standard,SmartTV,2023-03-09
U00672,44,Peru,Basic,Mobile,2024-03-19
U00673,54,Ecuador,Standard,Mobile,2026-08-26
U00674,32,Chile,Standard,SmartTV,2023-11-14
U00675,22,Mexico,Standard,Mobile,2023-10-07
U00676,56,Argentina,Standard,SmartTV,2024-03-17
U00677,37,Mexico,Basic,SmartTV,2024-12-10
U00678,46,Colombia,Standard,SmartTV,2025-03-23
U00679,26,Colombia,Basic,SmartTV,2023-01-10
U00680,40,Ecuador,Standard,Tablet,2025-11-22
U00681,22,Argentina,Standard,Mobile,2026-03-06
U00682,36,United States,Premium,Tablet,2024-03-25
U00683,27,Chile,Standard,Mobile,2024-08-12
U00684,24,Mexico,Premium,SmartTV,2026-06-04
U00685,31,Mexico,Premium,Tablet,2025-03-23
U00686,18,Ecuador,Basic,Desktop,2023-03-20
U00687,21,Colombia,Standard,SmartTV,2024-09-24
U00688,44,Colombia,Standard,SmartTV,2026-04-24
U00689,39,United States,Premium,Tablet,2023-09-21
U00690,22,Ecuador,Standard,Mobile,2026-02-17
U00691,42,Chile,Basic,SmartTV,2025-01-02
U00692,24,Peru,Basic,Mobile,2026-03-02
U00693,44,Mexico,Standard,Mobile,2024-12-25
U00694,34,Colombia,Basic,SmartTV,2026-03-27
U00695,31,United States,Standard,SmartTV,2024-01-05
U00696,34,Peru,Premium,SmartTV,2024-03-03
U00697,66,United States,Basic,SmartTV,2026-01-16
U00698,26,Mexico,Standard,SmartTV,2024-03-03
U00699,38,Peru,Standard,SmartTV,2024-02-24
U00700,44,Argentina,Standard,Desktop,2025-02-03
U00701,23,Mexico,Basic,SmartTV,2023-07-11
U00702,18,Ecuador,Basic,SmartTV,2023-09-26
U00703,28,Argentina,Premium,Mobile,2025-07-03
U00704,44,Mexico,Standard,SmartTV,2026-11-10
U00705,31,Mexico,Standard,Mobile,2023-11-16
U00706,32,Argentina,Premium,SmartTV,2023-10-13
U00707,46,Mexico,Basic,Mobile,2026-07-26
U00708,25,Peru,Basic,SmartTV,2024-12-18
U00709,34,Colombia,Basic,SmartTV,2023-09-16
U00710,18,Colombia,Premium,Tablet,2023-11-16
U00711,39,Mexico,Standard,SmartTV,2023-03-26
U00712,38,Colombia,Standard,Tablet,2026-10-10
U00713,45,Ecuador,Basic,SmartTV,2025-02-03
U00714,21,Spain,Premium,Mobile,2025-02-08
U00715,33,Colombia,Premium,Desktop,2023-04-19
U00716,20,Ecuador,Standard,Desktop,2024-09-15
U00717,32,Spain,Basic,Mobile,2024-12-02
U00718,53,Argentina,Standard,SmartTV,2023-11-17
U00719,31,Argentina,Standard,Mobile,2025-06-02
U00720,19,Peru,Basic,SmartTV,2024-01-17
U00721,27,Mexico,Standard,Desktop,2025-02-23
U00722,18,United States,Standard,Mobile,2024-10-15
U00723,19,Colombia,Premium,SmartTV,2025-08-09
U00724,43,Ecuador,Standard,Tablet,2023-11-01
U00725,18,Ecuador,Basic,Tablet,2026-05-06
U00726,39,United States,Standard,Tablet,2025-01-16
U00727,35,Colombia,Standard,Tablet,2024-04-23
U00728,29,Chile,Standard,Desktop,2025-09-01
U00729,38,Chile,Standard,SmartTV,2025-06-14
U00730,24,United States,Basic,Desktop,2024-09-20
U00731,45,Colombia,Standard,Tablet,2025-03-09
U00732,27,Chile,Premium,Mobile,2026-01-18
U00733,30,United States,Basic,SmartTV,2025-10-02
U00734,29,Colombia,Standard,Mobile,2023-02-13
U00735,43,Mexico,Basic,Tablet,2025-07-14
U00736,42,Ecuador,Standard,Desktop,2025-01-08
U00737,18,Colombia,Premium,Tablet,2025-05-23
U00738,38,Ecuador,Standard,Tablet,2025-01-21
U00739,18,Peru,Basic,Mobile,2026-12-03
U00740,31,Colombia,Standard,SmartTV,2025-02-27
U00741,34,Spain,Basic,Desktop,2025-11-06
U00742,31,Chile,Standard,SmartTV,2026-01-05
U00743,41,Peru,Premium,Desktop,2024-02-05
U00744,44,Mexico,Standard,SmartTV,2024-05-12
U00745,26,United States,Standard,Desktop,2024-06-26
U00746,25,Colombia,Standard,SmartTV,2024-09-14
U00747,35,Ecuador,Premium,SmartTV,2026-05-23
U00748,18,Ecuador,Basic,Desktop,2023-12-01
U00749,29,Spain,Standard,Mobile,2025-05-23
U00750,51,Spain,Basic,Mobile,2025-02-06
U00751,18,Chile,Basic,Desktop,2025-03-19
U00752,31,Ecuador,Basic,Tablet,2025-11-24
U00753,28,Chile,Standard,Desktop,2026-12-19
U00754,59,Mexico,Basic,SmartTV,2025-08-18
U00755,29,Peru,Premium,Tablet,2024-08-13
U00756,29,Ecuador,Standard,Desktop,2025-04-17
U00757,23,Colombia,Premium,SmartTV,2024-09-04
U00758,35,Mexico,Basic,Tablet,2025-11-18
U00759,38,United States,Standard,SmartTV,2024-09-10
U00760,24,Colombia,Standard,Mobile,2023-08-26
U00761,47,United States,Standard,SmartTV,2026-10-16
U00762,38,Chile,Standard,Tablet,2024-06-20
U00763,45,Mexico,Premium,SmartTV,2024-06-27
U00764,31,Spain,Standard,SmartTV,2023-06-01
U00765,38,Mexico,Premium,SmartTV,2025-05-06
U00766,32,Ecuador,Basic,SmartTV,2025-12-22
U00767,52,Colombia,Standard,Mobile,2023-03-12
U00768,36,Spain,Standard,Tablet,2025-05-23
U00769,35,Mexico,Standard,Mobile,2024-09-06
U00770,30,Colombia,Standard,SmartTV,2025-08-13
U00771,29,Mexico,Standard,Desktop,2025-03-16
U00772,38,Colombia,Premium,SmartTV,2023-07-21
U00773,45,Colombia,Basic,SmartTV,2024-07-05
U00774,27,Spain,Basic,SmartTV,2025-03-26
U00775,37,Peru,Basic,Mobile,2025-05-09
U00776,37,Colombia,Basic,SmartTV,2025-05-08
U00777,39,Peru,Standard,Mobile,2024-09-15
U00778,18,United States,Standard,Mobile,2023-05-10
U00779,24,Colombia,Standard,SmartTV,2026-04-07
U00780,19,Colombia,Premium,Tablet,2026-06-19
U00781,35,Peru,Premium,Tablet,2024-01-04
U00782,24,Ecuador,Standard,SmartTV,2023-01-05
U00783,29,Ecuador,Standard,SmartTV,2025-05-27
U00784,21,Ecuador,Standard,Mobile,2026-05-01
U00785,30,Ecuador,Standard,Mobile,2023-03-05
U00786,22,Mexico,Standard,SmartTV,2026-03-07
U00787,44,Colombia,Basic,SmartTV,2023-10-17
U00788,41,Peru,Premium,SmartTV,2025-08-07
U00789,37,Argentina,Standard,Mobile,2025-12-03
U00790,31,Ecuador,Basic,Desktop,2023-10-03
U00791,18,Colombia,Standard,Mobile,2024-04-27
U00792,30,United States,Standard,SmartTV,2024-11-21
U00793,26,Mexico,Standard,Desktop,2024-12-20
U00794,38,Mexico,Basic,SmartTV,2026-07-10
U00795,42,Chile,Basic,SmartTV,2026-02-18
U00796,39,United States,Standard,Mobile,2025-12-07
U00797,50,Ecuador,Standard,Desktop,2025-01-14
U00798,28,Ecuador,Basic,SmartTV,2026-10-25
U00799,28,Spain,Premium,Desktop,2024-06-26
U00800,47,Ecuador,Premium,SmartTV,2026-06-16
U00801,37,Mexico,Standard,Tablet,2023-02-05
U00802,32,Ecuador,Premium,Mobile,2023-08-03
U00803,57,Peru,Standard,Desktop,2026-05-06
U00804,42,Mexico,Basic,SmartTV,2025-09-18
U00805,33,Chile,Standard,SmartTV,2025-03-06
U00806,27,Mexico,Standard,Tablet,2025-11-17
U00807,51,Ecuador,Standard,Mobile,2025-09-06
U00808,37,Colombia,Premium,Tablet,2025-02-02
U00809,35,Argentina,Standard,SmartTV,2025-03-12
U00810,43,Ecuador,Basic,Mobile,2023-01-22
U00811,46,Mexico,Basic,SmartTV,2023-07-26
U00812,42,Chile,Premium,SmartTV,2026-05-10
U00813,46,Peru,Basic,Mobile,2024-12-04
U00814,40,Peru,Premium,Mobile,2026-11-17
U00815,42,Spain,Basic,Desktop,2023-10-14
U00816,26,Peru,Premium,SmartTV,2023-12-16
U00817,57,Ecuador,Standard,Mobile,2024-01-03
U00818,20,United States,Basic,Mobile,2026-02-08
U00819,39,Ecuador,Basic,Desktop,2024-01-18
U00820,19,Spain,Basic,SmartTV,2026-04-14
U00821,34,Ecuador,Basic,Tablet,2026-11-10
U00822,28,Peru,Basic,Mobile,2026-04-07
U00823,37,Chile,Standard,Tablet,2025-03-03
U00824,39,Ecuador,Standard,SmartTV,2026-11-26
U00825,24,Argentina,Standard,Tablet,2024-06-15
U00826,35,Colombia,Standard,SmartTV,2025-01-08
U00827,52,Chile,Premium,SmartTV,2025-11-19
U00828,19,Spain,Premium,SmartTV,2024-07-04
U00829,25,Mexico,Standard,SmartTV,2026-03-04
U00830,45,Chile,Standard,Tablet,2025-01-03
U00831,36,Peru,Premium,Tablet,2023-01-01
U00832,37,Ecuador,Premium,SmartTV,2024-04-18
U00833,47,United States,Premium,SmartTV,2024-06-19
U00834,25,Mexico,Standard,SmartTV,2025-03-04
U00835,29,Mexico,Standard,SmartTV,2023-06-17
U00836,27,Peru,Premium,SmartTV,2025-12-16
U00837,31,Peru,Standard,SmartTV,2023-09-22
U00838,51,Ecuador,Basic,Mobile,2023-01-18
U00839,18,Ecuador,Premium,Tablet,2023-01-18
U00840,21,Peru,Premium,Desktop,2024-04-20
U00841,19,Colombia,Basic,Mobile,2023-02-15
U00842,52,Ecuador,Basic,Mobile,2023-02-19
U00843,28,Chile,Premium,Mobile,2023-08-02
U00844,31,Chile,Standard,SmartTV,2025-03-02
U00845,18,Peru,Standard,Mobile,2023-07-23
U00846,32,Spain,Basic,Mobile,2026-05-24
U00847,45,Mexico,Basic,Mobile,2024-03-15
U00848,38,Ecuador,Standard,Mobile,2025-12-04
U00849,34,Argentina,Premium,Tablet,2025-06-03
U00850,18,Chile,Standard,SmartTV,2026-04-18
U00851,31,Chile,Basic,Mobile,2024-03-14
U00852,37,United States,Basic,SmartTV,2023-10-10
U00853,23,Ecuador,Basic,SmartTV,2025-07-15
U00854,43,Mexico,Premium,SmartTV,2024-10-06
U00855,46,Colombia,Standard,Desktop,2025-12-11
U00856,29,Ecuador,Premium,SmartTV,2023-07-26
U00857,44,Peru,Premium,Mobile,2024-02-15
U00858,34,Colombia,Standard,Mobile,2026-03-10
U00859,49,Ecuador,Basic,Tablet,2026-03-19
U00860,59,Chile,Premium,SmartTV,2025-06-07
U00861,22,Colombia,Basic,Mobile,2023-02-12
U00862,44,Peru,Premium,Mobile,2023-09-02
U00863,51,Ecuador,Standard,SmartTV,2025-12-20
U00864,23,Peru,Standard,Mobile,2023-09-20
U00865,28,Chile,Standard,Desktop,2026-11-21
U00866,28,Chile,Standard,Desktop,2026-02-19
U00867,33,Argentina,Standard,Mobile,2023-01-10
U00868,31,United States,Standard,SmartTV,2026-06-18
U00869,33,Ecuador,Standard,Mobile,2026-09-27
U00870,45,Peru,Standard,SmartTV,2023-09-09
U00871,18,Spain,Standard,Mobile,2025-04-01
U00872,23,Mexico,Premium,Tablet,2025-09-22
U00873,43,United States,Premium,SmartTV,2025-10-08
U00874,42,Argentina,Standard,Mobile,2025-03-04
U00875,22,Argentina,Premium,Mobile,2026-12-03
U00876,42,Ecuador,Standard,SmartTV,2026-10-14
U00877,51,Colombia,Basic,SmartTV,2024-01-14
U00878,34,Mexico,Basic,Desktop,2023-01-13
U00879,23,Chile,Premium,Mobile,2026-11-22
U00880,45,Argentina,Standard,SmartTV,2023-07-19
U00881,56,United States,Premium,Desktop,2026-06-23
U00882,24,Colombia,Standard,Mobile,2024-06-02
U00883,35,Peru,Basic,Desktop,2026-07-11
U00884,48,Spain,Standard,SmartTV,2024-05-21
U00885,36,Spain,Standard,Desktop,2023-05-23
U00886,18,Spain,Standard,Mobile,2023-11-20
U00887,40,Mexico,Premium,Mobile,2026-12-27
U00888,23,United States,Standard,SmartTV,2026-10-24
U00889,20,Peru,Standard,SmartTV,2023-03-27
U00890,18,Ecuador,Standard,SmartTV,2026-07-15
U00891,49,Ecuador,Standard,SmartTV,2024-07-03
U00892,25,Peru,Premium,SmartTV,2025-03-19
U00893,39,Spain,Standard,SmartTV,2024-02-11
U00894,42,Chile,Standard,Tablet,2025-04-01
U00895,37,Mexico,Standard,Tablet,2026-11-08
U00896,39,Peru,Basic,Desktop,2023-11-01
U00897,40,Argentina,Standard,SmartTV,2026-09-24
U00898,37,Ecuador,Standard,Mobile,2023-01-05
U00899,26,Chile,Standard,Mobile,2024-01-06
U00900,25,Colombia,Standard,Desktop,2025-09-02
U00901,34,Chile,Basic,SmartTV,2024-05-11
U00902,33,Peru,Basic,Tablet,2024-03-12
U00903,40,Mexico,Standard,SmartTV,2023-04-06
U00904,48,Chile,Standard,SmartTV,2023-08-04
U00905,39,United States,Standard,Mobile,2026-01-08
U00906,25,United States,Basic,Tablet,2024-04-04
U00907,18,Colombia,Standard,Mobile,2025-08-25
U00908,26,Ecuador,Standard,Tablet,2026-06-17
U00909,19,Ecuador,Premium,Mobile,2026-07-11
U00910,26,Colombia,Standard,Mobile,2026-06-22
U00911,38,Colombia,Standard,SmartTV,2023-08-14
U00912,36,United States,Standard,Mobile,2023-08-03
U00913,57,United States,Standard,Mobile,2026-02-01
U00914,41,Colombia,Premium,SmartTV,2025-11-27
U00915,58,Argentina,Basic,SmartTV,2024-01-11
U00916,44,Spain,Standard,Desktop,2025-11-22
U00917,48,Peru,Basic,SmartTV,2023-04-07
U00918,31,Spain,Basic,SmartTV,2025-09-26
U00919,22,United States,Basic,Mobile,2023-03-11
U00920,30,United States,Basic,SmartTV,2026-05-05
U00921,35,Argentina,Standard,SmartTV,2023-08-16
U00922,27,Peru,Basic,Tablet,2023-06-05
U00923,23,Colombia,Basic,SmartTV,2025-04-18
U00924,40,United States,Basic,SmartTV,2024-06-11
U00925,23,Colombia,Basic,SmartTV,2025-12-18
U00926,18,Peru,Standard,SmartTV,2026-01-22
U00927,22,Colombia,Premium,SmartTV,2025-12-25
U00928,32,Chile,Standard,SmartTV,2026-08-04
U00929,23,Ecuador,Basic,Mobile,2026-11-25
U00930,32,Spain,Standard,Tablet,2024-10-01
U00931,42,Chile,Standard,SmartTV,2025-08-12
U00932,42,Peru,Basic,SmartTV,2025-01-15
U00933,27,Peru,Standard,SmartTV,2023-09-07
U00934,19,Mexico,Standard,Mobile,2026-06-02
U00935,28,Argentina,Standard,SmartTV,2025-12-08
U00936,43,United States,Standard,SmartTV,2024-01-15
U00937,46,Spain,Standard,Desktop,2023-12-18
U00938,39,Peru,Basic,Mobile,2025-05-03
U00939,49,Spain,Basic,SmartTV,2024-07-21
U00940,56,Chile,Premium,SmartTV,2025-05-15
U00941,29,Mexico,Standard,SmartTV,2025-03-03
U00942,53,Mexico,Standard,Mobile,2023-03-18
U00943,32,Peru,Premium,SmartTV,2025-04-22
U00944,47,Chile,Standard,Mobile,2023-10-14
U00945,44,Mexico,Basic,SmartTV,2025-09-07
U00946,18,Colombia,Standard,SmartTV,2024-01-18
U00947,23,Argentina,Basic,SmartTV,2023-08-11
U00948,20,Peru,Standard,Tablet,2023-09-25
U00949,18,Mexico,Standard,Desktop,2023-11-04
U00950,46,Spain,Basic,SmartTV,2023-11-02
U00951,60,Ecuador,Basic,SmartTV,2023-03-17
U00952,32,Colombia,Standard,SmartTV,2023-02-08
U00953,45,Mexico,Standard,SmartTV,2023-03-11
U00954,53,Ecuador,Basic,Tablet,2023-07-17
U00955,37,Colombia,Basic,SmartTV,2025-01-20
U00956,35,Argentina,Standard,Mobile,2023-03-24
U00957,32,Ecuador,Premium,Mobile,2025-03-02
U00958,41,Mexico,Premium,Tablet,2024-04-21
U00959,45,Ecuador,Standard,Mobile,2024-06-11
U00960,41,Ecuador,Standard,SmartTV,2025-08-02
U00961,40,Peru,Standard,Tablet,2026-05-05
U00962,34,United States,Basic,SmartTV,2023-10-01
U00963,18,Chile,Basic,Mobile,2024-02-24
U00964,46,Colombia,Basic,SmartTV,2026-12-25
U00965,20,Peru,Premium,Desktop,2024-09-13
U00966,42,Mexico,Standard,Tablet,2024-06-02
U00967,44,Mexico,Basic,SmartTV,2026-06-14
U00968,21,Colombia,Standard,SmartTV,2024-09-14
U00969,28,Colombia,Standard,Mobile,2026-03-07
U00970,60,Chile,Standard,Mobile,2025-12-20
U00971,34,Mexico,Standard,SmartTV,2026-05-01
U00972,20,Spain,Premium,SmartTV,2023-05-13
U00973,45,Mexico,Standard,SmartTV,2026-07-27
U00974,26,Mexico,Premium,Tablet,2025-10-06
U00975,18,Chile,Basic,Mobile,2023-12-18
U00976,41,Mexico,Standard,Desktop,2023-07-15
U00977,24,Mexico,Premium,SmartTV,2026-06-11
U00978,39,Colombia,Standard,SmartTV,2024-01-01
U00979,25,United States,Premium,SmartTV,2023-05-19
U00980,43,Peru,Premium,Desktop,2024-10-05
U00981,37,Mexico,Standard,Mobile,2023-07-03
U00982,18,Mexico,Basic,SmartTV,2025-03-17
U00983,40,Spain,Standard,Tablet,2024-03-14
U00984,32,Ecuador,Standard,SmartTV,2023-08-14
U00985,52,United States,Premium,SmartTV,2023-06-25
U00986,40,Ecuador,Basic,SmartTV,2023-12-12
U00987,44,Ecuador,Standard,SmartTV,2023-04-22
U00988,26,Spain,Basic,SmartTV,2023-02-25
U00989,26,Colombia,Standard,Mobile,2023-12-23
U00990,35,Mexico,Premium,Desktop,2025-04-07
U00991,31,Chile,Standard,Tablet,2023-05-10
U00992,51,United States,Standard,Tablet,2026-09-24
U00993,33,Spain,Standard,SmartTV,2023-04-10
U00994,20,Peru,Standard,Desktop,2023-09-04
U00995,25,Spain,Standard,SmartTV,2025-06-10
U00996,47,Colombia,Basic,Mobile,2023-08-24
U00997,33,Mexico,Basic,Mobile,2025-07-21
U00998,32,Argentina,Premium,SmartTV,2023-01-25
U00999,48,Argentina,Standard,SmartTV,2025-10-14
U01000,24,Mexico,Standard,Desktop,2023-09-25
U01001,18,Spain,Standard,SmartTV,2024-12-23
U01002,25,Mexico,Standard,SmartTV,2025-12-22
U01003,38,United States,Basic,Mobile,2025-04-25
U01004,32,Ecuador,Standard,Desktop,2023-05-06
U01005,18,Peru,Basic,SmartTV,2025-11-14
U01006,47,Spain,Premium,Tablet,2025-01-20
U01007,37,Colombia,Standard,Tablet,2024-12-22
U01008,40,Peru,Premium,Mobile,2024-11-24
U01009,40,Argentina,Standard,SmartTV,2023-07-18
U01010,19,Chile,Premium,SmartTV,2026-03-07
U01011,39,Colombia,Standard,Mobile,2024-06-09
U01012,46,Ecuador,Basic,SmartTV,2025-04-12
U01013,49,Colombia,Premium,SmartTV,2023-10-25
U01014,44,Colombia,Premium,SmartTV,2023-08-15
U01015,41,Ecuador,Premium,Mobile,2025-09-02
U01016,18,Spain,Premium,Desktop,2023-02-27
U01017,35,Colombia,Standard,Desktop,2025-09-01
U01018,24,Spain,Standard,SmartTV,2026-06-14
U01019,50,United States,Premium,Mobile,2023-10-19
U01020,49,Peru,Basic,SmartTV,2024-01-06
U01021,24,United States,Premium,SmartTV,2026-02-08
U01022,34,Colombia,Premium,Mobile,2023-01-08
U01023,38,Mexico,Standard,Desktop,2025-05-20
U01024,46,United States,Standard,Mobile,2026-10-07
U01025,18,Spain,Standard,Tablet,2026-04-16
U01026,18,Colombia,Premium,Mobile,2024-03-01
U01027,35,Colombia,Basic,SmartTV,2026-08-07
U01028,18,Colombia,Standard,SmartTV,2025-03-15
U01029,37,United States,Standard,Desktop,2023-07-27
U01030,42,Colombia,Premium,Tablet,2026-10-14
U01031,50,Chile,Standard,SmartTV,2025-08-13
U01032,28,Peru,Standard,SmartTV,2025-03-04
U01033,37,Peru,Basic,Mobile,2024-02-10
U01034,43,Peru,Standard,Desktop,2024-10-13
U01035,21,Peru,Premium,Desktop,2023-02-27
U01036,46,Mexico,Standard,SmartTV,2023-07-01
U01037,38,Peru,Standard,Tablet,2024-08-17
U01038,28,Peru,Standard,SmartTV,2023-03-15
U01039,37,Chile,Standard,Desktop,2025-09-03
U01040,33,Peru,Standard,Mobile,2026-07-10
U01041,44,Argentina,Premium,Desktop,2025-12-03
U01042,31,Chile,Standard,Mobile,2025-05-23
U01043,38,Chile,Standard,Desktop,2023-10-04
U01044,28,Colombia,Standard,Tablet,2023-09-01
U01045,24,Ecuador,Premium,SmartTV,2026-05-17
U01046,37,Spain,Basic,Mobile,2025-10-26
U01047,24,Spain,Basic,Desktop,2026-07-22
U01048,45,Colombia,Standard,SmartTV,2024-07-10
U01049,42,Peru,Premium,Mobile,2023-06-10
U01050,26,Peru,Standard,Tablet,2024-06-04
U01051,38,Mexico,Standard,SmartTV,2024-12-13
U01052,26,Colombia,Standard,SmartTV,2024-09-05
U01053,18,United States,Standard,SmartTV,2024-05-13
U01054,28,Ecuador,Premium,Mobile,2025-03-20
U01055,34,United States,Standard,Mobile,2023-06-01
U01056,41,Ecuador,Standard,SmartTV,2024-05-05
U01057,37,Colombia,Premium,Mobile,2024-03-27
U01058,46,Colombia,Standard,Mobile,2023-07-09
U01059,23,Colombia,Basic,Tablet,2025-01-14
U01060,30,United States,Standard,SmartTV,2023-02-05
U01061,55,Chile,Basic,Mobile,2026-11-03
U01062,18,Ecuador,Premium,Tablet,2025-07-22
U01063,30,United States,Premium,Mobile,2023-07-20
U01064,22,Colombia,Standard,SmartTV,2023-12-08
U01065,33,Ecuador,Premium,SmartTV,2024-01-27
U01066,30,Ecuador,Basic,SmartTV,2023-01-04
U01067,42,Chile,Basic,SmartTV,2026-03-05
U01068,38,United States,Basic,Mobile,2026-03-18
U01069,19,Ecuador,Premium,Tablet,2025-04-21
U01070,28,Argentina,Basic,Mobile,2025-11-03
U01071,35,Colombia,Basic,Tablet,2026-07-26
U01072,44,Colombia,Basic,Mobile,2026-12-17
U01073,64,Argentina,Standard,Mobile,2024-04-15
U01074,43,Argentina,Standard,Mobile,2023-03-14
U01075,23,Mexico,Basic,Desktop,2025-05-18
U01076,34,Colombia,Premium,SmartTV,2024-09-13
U01077,37,Ecuador,Premium,SmartTV,2025-04-12
U01078,29,Argentina,Standard,SmartTV,2026-01-20
U01079,41,Mexico,Premium,SmartTV,2023-08-01
U01080,18,Peru,Premium,SmartTV,2025-10-12
U01081,42,Colombia,Premium,Desktop,2026-06-05
U01082,29,Argentina,Basic,SmartTV,2023-11-11
U01083,34,Ecuador,Premium,Tablet,2025-06-27
U01084,53,Mexico,Standard,Desktop,2026-02-14
U01085,20,Mexico,Basic,Desktop,2026-06-02
U01086,38,Colombia,Premium,Desktop,2025-08-25
U01087,45,Chile,Basic,Mobile,2024-04-26
U01088,37,Chile,Premium,SmartTV,2023-04-03
U01089,18,Mexico,Standard,Mobile,2024-07-25
U01090,51,United States,Standard,SmartTV,2024-05-22
U01091,32,Chile,Basic,Mobile,2023-09-21
U01092,29,Ecuador,Premium,Mobile,2025-07-05
U01093,31,Peru,Basic,Mobile,2025-08-20
U01094,30,Mexico,Premium,Desktop,2024-12-07
U01095,21,Peru,Standard,SmartTV,2023-01-26
U01096,37,Argentina,Basic,Tablet,2025-07-22
U01097,28,Colombia,Standard,SmartTV,2025-11-23
U01098,43,Ecuador,Premium,Mobile,2023-03-14
U01099,41,Colombia,Premium,SmartTV,2025-10-03
U01100,55,Spain,Basic,SmartTV,2023-07-18
U01101,32,Mexico,Basic,SmartTV,2026-04-18
U01102,25,Chile,Basic,SmartTV,2023-11-27
U01103,18,Colombia,Premium,SmartTV,2023-05-07
U01104,61,United States,Basic,Mobile,2026-10-21
U01105,43,United States,Basic,Desktop,2026-12-22
U01106,27,Peru,Standard,Tablet,2025-02-08
U01107,55,Argentina,Premium,Mobile,2024-03-26
U01108,51,United States,Standard,Desktop,2026-04-10
U01109,19,Colombia,Standard,Mobile,2024-06-09
U01110,26,Colombia,Basic,Mobile,2024-06-24
U01111,33,Chile,Standard,Tablet,2023-01-12
U01112,22,Peru,Standard,Mobile,2026-02-15
U01113,34,Argentina,Premium,SmartTV,2024-06-09
U01114,44,Chile,Standard,SmartTV,2023-07-07
U01115,19,Colombia,Basic,Mobile,2023-01-04
U01116,39,Peru,Standard,Mobile,2023-03-09
U01117,49,Mexico,Basic,Desktop,2023-02-26
U01118,40,Ecuador,Basic,Mobile,2023-04-11
U01119,34,Peru,Premium,Mobile,2026-10-03
U01120,27,Ecuador,Standard,SmartTV,2024-08-23
U01121,45,Spain,Premium,Mobile,2025-04-06
U01122,21,Ecuador,Basic,SmartTV,2025-06-19
U01123,38,Ecuador,Premium,Tablet,2024-12-02
U01124,35,Spain,Premium,Mobile,2023-05-23
U01125,49,Ecuador,Standard,Mobile,2024-11-04
U01126,28,Mexico,Basic,Mobile,2024-03-25
U01127,29,Peru,Premium,Mobile,2023-02-02
U01128,20,Spain,Premium,Desktop,2024-09-19
U01129,40,Colombia,Basic,SmartTV,2024-10-25
U01130,30,Ecuador,Premium,Mobile,2023-02-10
U01131,25,Colombia,Premium,Desktop,2024-02-10
U01132,26,United States,Basic,Mobile,2024-01-22
U01133,41,Spain,Standard,SmartTV,2024-11-21
U01134,22,Colombia,Standard,Desktop,2023-01-16
U01135,23,Colombia,Standard,SmartTV,2024-07-15
U01136,46,Ecuador,Premium,SmartTV,2023-10-26
U01137,33,Colombia,Premium,Desktop,2026-06-23
U01138,46,Colombia,Basic,SmartTV,2026-02-04
U01139,31,United States,Standard,Mobile,2024-12-09
U01140,35,Ecuador,Standard,SmartTV,2026-12-06
U01141,37,United States,Standard,Desktop,2023-09-19
U01142,52,Ecuador,Standard,SmartTV,2023-07-20
U01143,51,Spain,Standard,SmartTV,2023-08-18
U01144,49,Peru,Standard,SmartTV,2026-04-17
U01145,27,Ecuador,Standard,SmartTV,2023-04-02
U01146,23,Spain,Premium,Mobile,2023-09-03
U01147,44,Colombia,Standard,SmartTV,2025-12-10
U01148,52,Spain,Standard,Mobile,2023-07-06
U01149,49,Argentina,Premium,Mobile,2026-09-04
U01150,35,United States,Premium,Mobile,2024-03-13
U01151,44,Spain,Standard,SmartTV,2023-05-25
U01152,44,Colombia,Standard,SmartTV,2023-06-19
U01153,37,Peru,Standard,SmartTV,2025-01-22
U01154,37,Mexico,Standard,SmartTV,2025-11-21
U01155,36,Colombia,Standard,SmartTV,2024-07-14
U01156,26,Chile,Basic,Tablet,2025-02-16
U01157,27,Colombia,Standard,Mobile,2024-06-06
U01158,27,Mexico,Standard,SmartTV,2023-01-10
U01159,18,Peru,Premium,Desktop,2023-06-12
U01160,37,Ecuador,Standard,Desktop,2023-01-16
U01161,35,United States,Basic,Tablet,2025-04-16
U01162,44,Spain,Standard,Mobile,2025-07-01
U01163,50,Colombia,Standard,Tablet,2023-01-19
U01164,51,Ecuador,Standard,SmartTV,2026-04-20
U01165,52,Argentina,Basic,Tablet,2025-10-20
U01166,26,Colombia,Premium,SmartTV,2025-06-20
U01167,18,Mexico,Premium,SmartTV,2025-08-02
U01168,46,Argentina,Premium,SmartTV,2023-02-10
U01169,52,Colombia,Standard,SmartTV,2024-11-21
U01170,54,Colombia,Premium,Tablet,2024-09-08
U01171,41,Ecuador,Standard,Desktop,2026-09-07
U01172,18,Colombia,Standard,SmartTV,2026-01-05
U01173,39,Mexico,Basic,Tablet,2024-09-11
U01174,42,Ecuador,Basic,Desktop,2023-05-01
U01175,50,United States,Basic,SmartTV,2023-10-10
U01176,52,Argentina,Premium,Desktop,2024-07-22
U01177,46,Colombia,Standard,Mobile,2023-11-11
U01178,28,Chile,Premium,SmartTV,2023-08-26
U01179,23,Peru,Standard,SmartTV,2026-02-27
U01180,41,Peru,Basic,SmartTV,2026-11-09
U01181,25,Mexico,Standard,Mobile,2025-03-09
U01182,53,Ecuador,Basic,Mobile,2026-03-12
U01183,18,Colombia,Premium,Tablet,2024-10-25
U01184,42,Ecuador,Standard,SmartTV,2026-02-27
U01185,39,Ecuador,Basic,SmartTV,2023-01-07
U01186,33,Mexico,Standard,Mobile,2024-10-12
U01187,24,United States,Premium,Tablet,2024-03-08
U01188,18,Mexico,Standard,Tablet,2026-08-07
U01189,29,United States,Basic,SmartTV,2025-03-23
U01190,29,Mexico,Standard,Mobile,2025-04-10
U01191,48,Colombia,Basic,Tablet,2023-04-04
U01192,26,Spain,Standard,Tablet,2025-02-13
U01193,40,Ecuador,Standard,SmartTV,2023-10-27
U01194,19,Ecuador,Basic,SmartTV,2025-03-23
U01195,41,United States,Standard,SmartTV,2024-09-26
U01196,18,Mexico,Basic,Mobile,2023-04-05
U01197,60,United States,Standard,SmartTV,2026-03-25
U01198,33,Ecuador,Standard,SmartTV,2024-07-04
U01199,18,Argentina,Standard,SmartTV,2024-01-21
U01200,26,Colombia,Basic,SmartTV,2026-11-10
U01201,24,Peru,Standard,SmartTV,2023-06-18
U01202,27,United States,Standard,Tablet,2025-11-12
U01203,31,Peru,Premium,Mobile,2025-11-27
U01204,27,Mexico,Premium,Tablet,2023-03-16
U01205,25,United States,Standard,Mobile,2025-12-15
U01206,21,Spain,Standard,Mobile,2026-06-17
U01207,45,Ecuador,Standard,SmartTV,2024-06-04
U01208,49,Ecuador,Premium,Mobile,2025-03-04
U01209,32,United States,Standard,Mobile,2023-06-14
U01210,35,Mexico,Premium,SmartTV,2025-07-27
U01211,21,Chile,Standard,Desktop,2025-01-23
U01212,36,Ecuador,Standard,SmartTV,2024-02-14
U01213,38,Ecuador,Premium,Mobile,2026-03-12
U01214,32,United States,Basic,Desktop,2026-10-15
U01215,40,Chile,Premium,Desktop,2023-10-16
U01216,39,Spain,Standard,SmartTV,2023-07-01
U01217,22,Colombia,Standard,SmartTV,2023-05-06
U01218,49,Colombia,Standard,Desktop,2024-03-24
U01219,33,Mexico,Basic,Desktop,2024-01-23
U01220,55,Spain,Standard,Mobile,2025-08-01
U01221,40,Colombia,Standard,SmartTV,2023-08-26
U01222,59,Colombia,Standard,SmartTV,2025-09-26
U01223,49,Mexico,Basic,Desktop,2024-04-20
U01224,38,Ecuador,Premium,Mobile,2025-06-27
U01225,26,Peru,Premium,Tablet,2023-12-26
U01226,27,Mexico,Basic,Mobile,2024-12-23
U01227,41,Ecuador,Premium,Tablet,2024-01-16
U01228,37,Mexico,Premium,Mobile,2024-04-23
U01229,28,Ecuador,Basic,Tablet,2023-05-14
U01230,45,Argentina,Premium,SmartTV,2025-11-21
U01231,35,Spain,Basic,SmartTV,2024-07-19
U01232,45,Spain,Premium,Desktop,2024-04-18
U01233,23,Mexico,Standard,Tablet,2025-11-20
U01234,47,Mexico,Premium,Desktop,2026-07-15
U01235,41,Colombia,Standard,SmartTV,2023-10-19
U01236,49,Peru,Standard,Mobile,2023-10-06
U01237,47,Ecuador,Premium,SmartTV,2026-05-12
U01238,34,Argentina,Standard,SmartTV,2024-01-27
U01239,33,Ecuador,Standard,SmartTV,2023-10-01
U01240,56,Peru,Standard,SmartTV,2023-01-07
U01241,32,Chile,Standard,SmartTV,2025-11-21
U01242,44,Mexico,Basic,SmartTV,2025-05-07
U01243,30,Peru,Basic,Mobile,2024-07-01
U01244,18,Peru,Basic,Desktop,2025-06-17
U01245,20,Mexico,Basic,SmartTV,2023-11-23
U01246,40,United States,Premium,Desktop,2025-01-09
U01247,43,Mexico,Standard,SmartTV,2025-11-17
U01248,40,Colombia,Standard,Mobile,2023-12-06
U01249,49,Spain,Basic,Tablet,2025-11-26
U01250,40,Ecuador,Premium,SmartTV,2025-06-16
U01251,26,Colombia,Basic,SmartTV,2025-08-12
U01252,42,Ecuador,Basic,SmartTV,2023-06-11
U01253,37,Peru,Premium,SmartTV,2026-09-22
U01254,28,Mexico,Basic,Mobile,2026-12-05
U01255,41,Chile,Premium,Desktop,2024-12-16
U01256,36,Spain,Standard,SmartTV,2023-02-06
U01257,28,Mexico,Premium,Desktop,2026-06-19
U01258,33,Colombia,Basic,Desktop,2025-06-08
U01259,52,Chile,Standard,Desktop,2024-10-01
U01260,52,Argentina,Standard,Mobile,2023-09-14
U01261,37,Chile,Standard,Mobile,2024-08-27
U01262,36,Peru,Premium,Desktop,2024-09-03
U01263,18,Chile,Basic,Mobile,2023-05-20
U01264,56,Chile,Standard,SmartTV,2023-08-06
U01265,47,Colombia,Basic,Mobile,2024-07-08
U01266,44,Spain,Premium,Mobile,2025-06-14
U01267,18,Colombia,Premium,SmartTV,2023-08-22
U01268,35,Ecuador,Basic,SmartTV,2024-11-17
U01269,33,Argentina,Basic,Tablet,2023-10-17
U01270,43,Spain,Premium,Tablet,2023-03-14
U01271,30,Mexico,Premium,SmartTV,2023-07-27
U01272,32,Chile,Standard,SmartTV,2023-03-25
U01273,42,United States,Standard,Mobile,2026-12-12
U01274,26,Peru,Premium,SmartTV,2024-07-11
U01275,28,Peru,Standard,SmartTV,2026-04-17
U01276,37,Mexico,Premium,SmartTV,2024-09-01
U01277,51,Peru,Premium,Mobile,2026-12-03
U01278,45,Mexico,Premium,Tablet,2023-12-08
U01279,48,United States,Premium,SmartTV,2024-09-25
U01280,36,Colombia,Premium,SmartTV,2026-04-06
U01281,53,Ecuador,Basic,Tablet,2024-07-22
U01282,18,Peru,Premium,Tablet,2024-05-05
U01283,59,Chile,Basic,Desktop,2024-10-17
U01284,61,Argentina,Standard,SmartTV,2026-09-18
U01285,40,United States,Standard,SmartTV,2023-07-20
U01286,45,Mexico,Basic,SmartTV,2023-07-24
U01287,35,United States,Standard,SmartTV,2024-12-06
U01288,32,Colombia,Standard,SmartTV,2024-09-07
U01289,28,Colombia,Basic,Tablet,2023-05-16
U01290,34,Colombia,Standard,Desktop,2025-09-23
U01291,42,Spain,Standard,Mobile,2024-11-02
U01292,40,Colombia,Standard,SmartTV,2024-06-12
U01293,59,Colombia,Standard,SmartTV,2023-11-25
U01294,36,Peru,Standard,Tablet,2026-04-02
U01295,18,Colombia,Premium,SmartTV,2026-11-18
U01296,55,Mexico,Standard,Desktop,2023-11-18
U01297,20,United States,Basic,SmartTV,2023-04-02
U01298,28,Ecuador,Standard,Tablet,2026-03-18
U01299,38,Chile,Standard,Desktop,2023-09-13
U01300,40,Ecuador,Basic,Mobile,2026-08-12
U01301,18,Colombia,Premium,SmartTV,2026-10-24
U01302,26,Colombia,Basic,Mobile,2024-03-19
U01303,18,Mexico,Premium,Tablet,2025-08-21
U01304,42,Mexico,Basic,Mobile,2024-09-02
U01305,49,Mexico,Standard,Desktop,2023-10-17
U01306,20,Spain,Standard,Tablet,2025-07-21
U01307,47,Colombia,Premium,Mobile,2025-11-03
U01308,46,Argentina,Premium,Mobile,2023-07-22
U01309,27,Mexico,Basic,Mobile,2024-05-22
U01310,18,Ecuador,Basic,Tablet,2023-02-12
U01311,22,Peru,Standard,Tablet,2026-06-05
U01312,28,Ecuador,Basic,Desktop,2023-05-18
U01313,54,Ecuador,Basic,SmartTV,2025-06-26
U01314,34,Colombia,Premium,SmartTV,2026-08-21
U01315,23,Colombia,Standard,Mobile,2023-09-13
U01316,37,United States,Basic,Mobile,2026-04-12
U01317,19,United States,Standard,Tablet,2026-11-18
U01318,41,Mexico,Basic,Mobile,2023-09-14
U01319,23,Argentina,Premium,SmartTV,2025-12-02
U01320,25,United States,Basic,Mobile,2024-05-20
U01321,40,Peru,Standard,SmartTV,2023-12-10
U01322,56,Chile,Basic,Mobile,2025-03-21
U01323,61,Mexico,Premium,Mobile,2024-05-26
U01324,23,United States,Basic,Mobile,2026-03-13
U01325,28,Spain,Standard,Tablet,2023-12-21
U01326,41,Ecuador,Standard,Mobile,2023-10-23
U01327,49,Argentina,Premium,SmartTV,2025-01-11
U01328,18,Colombia,Basic,SmartTV,2025-07-15
U01329,36,Colombia,Premium,Desktop,2026-03-06
U01330,29,Chile,Premium,SmartTV,2026-02-01
U01331,18,Mexico,Basic,Desktop,2025-07-25
U01332,19,Ecuador,Basic,SmartTV,2024-07-02
U01333,28,Colombia,Premium,SmartTV,2026-02-23
U01334,36,Argentina,Standard,Tablet,2024-12-15
U01335,47,Ecuador,Premium,SmartTV,2026-09-06
U01336,39,Spain,Premium,Mobile,2025-04-12
U01337,46,Chile,Standard,SmartTV,2023-09-23
U01338,35,Mexico,Basic,SmartTV,2024-04-26
U01339,27,Ecuador,Standard,Tablet,2025-07-14
U01340,33,United States,Standard,Tablet,2024-05-11
U01341,43,United States,Standard,SmartTV,2026-07-19
U01342,47,Colombia,Standard,SmartTV,2025-05-12
U01343,33,Mexico,Standard,Desktop,2023-09-03
U01344,24,Spain,Premium,Tablet,2025-11-12
U01345,39,Ecuador,Basic,Tablet,2024-10-13
U01346,41,Mexico,Standard,Mobile,2024-04-19
U01347,50,Spain,Basic,SmartTV,2025-02-27
U01348,27,Chile,Basic,Mobile,2023-12-16
U01349,27,United States,Standard,Desktop,2023-03-22
U01350,44,Ecuador,Premium,Desktop,2025-12-12
U01351,30,United States,Standard,Desktop,2026-01-13
U01352,30,United States,Standard,SmartTV,2023-04-13
U01353,50,Ecuador,Standard,Mobile,2023-04-25
U01354,19,Peru,Standard,SmartTV,2025-06-21
U01355,60,Mexico,Standard,SmartTV,2026-05-22
U01356,28,United States,Standard,SmartTV,2024-09-04
U01357,45,Ecuador,Standard,Mobile,2024-12-26
U01358,34,Peru,Basic,Desktop,2026-12-21
U01359,38,Spain,Standard,SmartTV,2023-10-06
U01360,32,Peru,Basic,SmartTV,2026-02-04
U01361,45,Mexico,Standard,SmartTV,2025-01-11
U01362,31,Mexico,Premium,SmartTV,2024-03-19
U01363,28,United States,Standard,Tablet,2026-01-21
U01364,57,Ecuador,Basic,Desktop,2024-09-12
U01365,35,United States,Premium,Mobile,2026-07-16
U01366,27,Mexico,Standard,Tablet,2024-03-19
U01367,18,United States,Standard,SmartTV,2023-09-02
U01368,57,Ecuador,Premium,Mobile,2026-08-17
U01369,28,Mexico,Standard,Tablet,2023-12-09
U01370,60,Spain,Standard,Desktop,2026-03-18
U01371,40,Spain,Standard,SmartTV,2025-06-02
U01372,37,Ecuador,Premium,SmartTV,2026-01-25
U01373,37,Chile,Standard,SmartTV,2024-11-09
U01374,62,Ecuador,Basic,Tablet,2025-07-23
U01375,18,Ecuador,Standard,SmartTV,2026-08-27
U01376,38,Argentina,Basic,Mobile,2025-03-09
U01377,32,United States,Standard,SmartTV,2024-07-23
U01378,32,Mexico,Basic,SmartTV,2023-01-07
U01379,37,Ecuador,Standard,SmartTV,2025-04-12
U01380,32,Colombia,Standard,Desktop,2026-07-04
U01381,37,Peru,Standard,Mobile,2024-11-08
U01382,35,Ecuador,Standard,Tablet,2025-02-21
U01383,19,Spain,Standard,SmartTV,2024-02-13
U01384,40,Colombia,Standard,SmartTV,2023-05-19
U01385,44,Ecuador,Standard,SmartTV,2026-03-22
U01386,28,Argentina,Standard,Mobile,2023-12-17
U01387,57,Ecuador,Premium,Mobile,2023-11-01
U01388,51,Peru,Standard,Mobile,2023-08-03
U01389,45,Chile,Standard,Mobile,2023-09-22
U01390,45,Ecuador,Premium,Tablet,2023-01-21
U01391,35,Mexico,Standard,Mobile,2026-03-16
U01392,49,Chile,Standard,Mobile,2024-01-21
U01393,54,Mexico,Standard,SmartTV,2023-06-12
U01394,45,Colombia,Premium,Tablet,2024-06-23
U01395,28,Peru,Standard,Mobile,2026-11-23
U01396,35,Mexico,Standard,Mobile,2025-07-15
U01397,42,Ecuador,Standard,SmartTV,2026-09-24
U01398,45,Ecuador,Basic,SmartTV,2024-04-27
U01399,34,Colombia,Standard,SmartTV,2026-08-14
U01400,28,Ecuador,Premium,Mobile,2023-09-07
U01401,54,Ecuador,Premium,Tablet,2025-08-04
U01402,22,United States,Standard,SmartTV,2024-01-17
U01403,24,Chile,Premium,SmartTV,2026-02-23
U01404,19,Chile,Premium,Tablet,2025-10-12
U01405,24,Colombia,Premium,SmartTV,2023-05-19
U01406,50,Ecuador,Premium,Mobile,2023-01-16
U01407,50,Argentina,Premium,SmartTV,2026-10-15
U01408,34,Argentina,Basic,SmartTV,2025-06-19
U01409,41,United States,Basic,Mobile,2026-11-12
U01410,35,Ecuador,Basic,Desktop,2024-10-05
U01411,21,Ecuador,Standard,Mobile,2025-09-08
U01412,62,Argentina,Premium,Tablet,2024-08-21
U01413,51,Peru,Premium,SmartTV,2023-05-16
U01414,39,Ecuador,Premium,SmartTV,2023-06-08
U01415,25,Colombia,Premium,SmartTV,2023-11-05
U01416,32,Ecuador,Standard,SmartTV,2026-08-27
U01417,27,Spain,Standard,Tablet,2025-01-17
U01418,36,Spain,Standard,Mobile,2025-02-25
U01419,39,Mexico,Basic,Desktop,2024-07-01
U01420,31,Peru,Premium,SmartTV,2025-12-27
U01421,18,Argentina,Standard,SmartTV,2023-06-13
U01422,61,Mexico,Basic,SmartTV,2024-11-11
U01423,38,Spain,Standard,Tablet,2025-08-11
U01424,40,Chile,Standard,SmartTV,2026-12-22
U01425,30,United States,Premium,Mobile,2023-07-23
U01426,18,Colombia,Premium,Mobile,2025-12-14
U01427,34,Mexico,Standard,SmartTV,2024-04-23
U01428,31,Spain,Premium,SmartTV,2024-05-05
U01429,44,United States,Basic,SmartTV,2024-03-08
U01430,46,United States,Standard,Mobile,2025-07-05
U01431,44,Peru,Standard,SmartTV,2025-07-13
U01432,47,Mexico,Premium,SmartTV,2026-09-14
U01433,57,Colombia,Premium,Mobile,2026-04-25
U01434,40,Mexico,Basic,SmartTV,2023-12-19
U01435,48,Colombia,Standard,Desktop,2023-11-23
U01436,41,Peru,Premium,SmartTV,2025-02-08
U01437,18,United States,Premium,SmartTV,2023-07-12
U01438,33,Spain,Standard,Mobile,2026-02-22
U01439,25,Chile,Basic,SmartTV,2023-06-09
U01440,38,Ecuador,Standard,SmartTV,2024-11-16
U01441,26,Peru,Premium,Desktop,2023-01-10
U01442,42,Ecuador,Standard,Tablet,2026-02-13
U01443,47,Ecuador,Standard,SmartTV,2025-03-14
U01444,49,United States,Premium,SmartTV,2024-10-17
U01445,54,Chile,Standard,Mobile,2023-12-07
U01446,18,Ecuador,Standard,SmartTV,2026-07-24
U01447,21,Argentina,Premium,Desktop,2025-01-04
U01448,70,Ecuador,Standard,Desktop,2023-11-05
U01449,47,Peru,Standard,SmartTV,2026-04-23
U01450,38,Colombia,Standard,Tablet,2024-12-27
U01451,35,Ecuador,Standard,Mobile,2023-05-16
U01452,34,Chile,Basic,SmartTV,2023-03-09
U01453,18,Argentina,Basic,SmartTV,2026-05-24
U01454,26,Chile,Standard,SmartTV,2023-10-07
U01455,34,Spain,Standard,SmartTV,2025-02-02
U01456,26,United States,Premium,Desktop,2025-07-16
U01457,28,Spain,Standard,SmartTV,2023-05-08
U01458,66,United States,Premium,Desktop,2023-08-26
U01459,32,United States,Premium,Desktop,2024-06-16
U01460,38,Spain,Standard,SmartTV,2024-01-19
U01461,38,Colombia,Standard,Mobile,2023-08-02
U01462,42,Ecuador,Basic,Mobile,2025-01-20
U01463,29,Argentina,Standard,Mobile,2023-09-10
U01464,50,Spain,Standard,Mobile,2026-12-03
U01465,40,Spain,Standard,Desktop,2023-08-12
U01466,20,Mexico,Premium,Mobile,2023-03-18
U01467,34,Spain,Standard,Mobile,2025-04-15
U01468,33,Argentina,Basic,SmartTV,2025-12-12
U01469,32,Mexico,Premium,SmartTV,2025-06-02
U01470,41,Ecuador,Premium,Tablet,2024-03-19
U01471,43,Chile,Premium,Tablet,2024-02-03
U01472,41,Ecuador,Basic,Tablet,2024-02-20
U01473,39,Ecuador,Standard,SmartTV,2023-12-20
U01474,36,Chile,Standard,Desktop,2025-06-18
U01475,18,Ecuador,Standard,Mobile,2023-10-22
U01476,44,United States,Standard,Tablet,2023-08-25
U01477,41,Chile,Premium,Tablet,2025-05-02
U01478,23,Mexico,Basic,SmartTV,2026-06-14
U01479,38,Ecuador,Premium,SmartTV,2024-03-12
U01480,43,Spain,Basic,Mobile,2025-03-20
U01481,49,Chile,Basic,Mobile,2026-03-08
U01482,41,Mexico,Premium,SmartTV,2025-02-19
U01483,39,Mexico,Standard,Mobile,2025-02-14
U01484,46,Chile,Standard,SmartTV,2024-06-21
U01485,31,Mexico,Standard,SmartTV,2024-04-06
U01486,40,Argentina,Basic,SmartTV,2024-09-08
U01487,28,Spain,Basic,Tablet,2023-02-02
U01488,48,Colombia,Premium,Mobile,2025-10-27
U01489,18,United States,Basic,SmartTV,2024-11-04
U01490,45,Peru,Premium,SmartTV,2026-07-08
U01491,35,Colombia,Premium,SmartTV,2026-03-16
U01492,47,Colombia,Premium,Tablet,2023-10-14
U01493,26,Peru,Premium,Desktop,2024-02-22
U01494,36,Colombia,Standard,Mobile,2023-03-24
U01495,36,Spain,Standard,Desktop,2025-09-24
U01496,40,Mexico,Premium,SmartTV,2026-11-07
U01497,22,United States,Standard,Desktop,2024-10-23
U01498,43,Ecuador,Basic,Desktop,2024-10-02
U01499,18,Mexico,Standard,Desktop,2023-01-07
U01500,27,Ecuador,Basic,SmartTV,2026-01-13
U01501,18,Chile,Standard,SmartTV,2025-10-26
U01502,45,Peru,Premium,Mobile,2023-04-21
U01503,40,Mexico,Standard,Tablet,2023-12-03
U01504,40,Argentina,Basic,SmartTV,2023-07-09
U01505,53,Colombia,Basic,Mobile,2024-05-13
U01506,31,Colombia,Standard,Mobile,2023-03-02
U01507,42,Peru,Basic,Mobile,2025-08-01
U01508,36,Colombia,Standard,Mobile,2026-12-26
U01509,34,Mexico,Premium,SmartTV,2025-05-17
U01510,51,Chile,Standard,Tablet,2025-12-18
U01511,60,Spain,Standard,Mobile,2026-02-27
U01512,30,United States,Standard,Desktop,2024-08-17
U01513,45,Peru,Basic,Tablet,2026-02-01
U01514,39,United States,Standard,SmartTV,2024-11-18
U01515,39,Argentina,Standard,SmartTV,2025-06-10
U01516,38,Ecuador,Standard,SmartTV,2023-08-05
U01517,31,Spain,Standard,Mobile,2025-08-25
U01518,18,Chile,Standard,Mobile,2026-10-10
U01519,53,Argentina,Basic,Tablet,2023-08-22
U01520,27,Argentina,Standard,SmartTV,2025-02-14
U01521,32,United States,Standard,Desktop,2024-11-04
U01522,32,Argentina,Standard,Tablet,2026-08-17
U01523,26,Spain,Basic,Desktop,2024-02-25
U01524,38,Colombia,Premium,Mobile,2025-04-26
U01525,34,United States,Standard,Tablet,2024-07-13
U01526,26,Mexico,Basic,SmartTV,2026-04-26
U01527,37,Argentina,Basic,SmartTV,2026-08-23
U01528,35,Spain,Premium,Mobile,2024-04-06
U01529,46,Ecuador,Standard,Desktop,2024-12-26
U01530,19,Peru,Premium,Tablet,2024-07-21
U01531,25,Spain,Premium,Mobile,2026-11-27
U01532,44,United States,Standard,Tablet,2026-08-15
U01533,27,Argentina,Standard,SmartTV,2024-05-27
U01534,24,Chile,Standard,Desktop,2023-12-06
U01535,28,Colombia,Premium,Tablet,2026-04-19
U01536,34,Chile,Standard,Tablet,2024-09-04
U01537,34,Peru,Premium,Tablet,2024-07-26
U01538,32,United States,Standard,SmartTV,2025-05-11
U01539,23,Mexico,Premium,SmartTV,2025-04-24
U01540,44,Peru,Basic,Desktop,2026-12-11
U01541,51,Chile,Standard,Mobile,2025-06-08
U01542,18,United States,Basic,Tablet,2024-12-06
U01543,18,Mexico,Premium,Tablet,2024-11-16
U01544,47,Colombia,Basic,Mobile,2024-11-08
U01545,54,Chile,Standard,SmartTV,2023-09-04
U01546,18,Chile,Basic,Tablet,2025-11-06
U01547,45,Colombia,Basic,SmartTV,2023-06-27
U01548,55,Argentina,Standard,Mobile,2023-05-25
U01549,25,Colombia,Premium,Mobile,2025-10-20
U01550,54,Chile,Standard,SmartTV,2025-07-05
U01551,33,Peru,Premium,Tablet,2026-01-23
U01552,39,Chile,Premium,Desktop,2024-02-21
U01553,26,Mexico,Premium,Desktop,2024-02-25
U01554,47,Mexico,Standard,SmartTV,2026-07-02
U01555,45,Ecuador,Standard,SmartTV,2026-03-27
U01556,56,Colombia,Standard,Tablet,2025-05-04
U01557,52,Argentina,Basic,SmartTV,2026-08-18
U01558,35,United States,Standard,SmartTV,2024-01-24
U01559,72,Ecuador,Premium,Tablet,2025-07-24
U01560,51,Ecuador,Basic,SmartTV,2025-10-08
U01561,41,United States,Basic,SmartTV,2026-03-16
U01562,23,Ecuador,Standard,Mobile,2024-12-11
U01563,18,United States,Premium,SmartTV,2023-11-19
U01564,18,Spain,Standard,Mobile,2024-05-26
U01565,24,Ecuador,Premium,Tablet,2026-10-21
U01566,52,Ecuador,Standard,Mobile,2023-08-20
U01567,41,United States,Standard,Desktop,2023-12-23
U01568,28,Colombia,Premium,Tablet,2024-02-26
U01569,33,Chile,Standard,SmartTV,2024-06-08
U01570,32,Colombia,Standard,SmartTV,2026-11-15
U01571,45,Mexico,Premium,SmartTV,2026-04-25
U01572,24,Spain,Standard,Mobile,2024-06-13
U01573,39,Mexico,Basic,Desktop,2025-05-23
U01574,39,Ecuador,Premium,SmartTV,2026-04-09
U01575,25,Mexico,Standard,Tablet,2025-01-08
U01576,54,Mexico,Premium,Desktop,2025-07-22
U01577,31,Colombia,Premium,Desktop,2026-08-13
U01578,23,Argentina,Standard,Mobile,2024-09-07
U01579,45,Mexico,Standard,SmartTV,2023-01-10
U01580,36,Ecuador,Standard,Desktop,2026-05-12
U01581,40,United States,Basic,Mobile,2024-12-20
U01582,21,Peru,Standard,Desktop,2023-01-07
U01583,45,Colombia,Premium,SmartTV,2026-06-03
U01584,61,Ecuador,Premium,SmartTV,2024-04-16
U01585,20,Peru,Premium,Desktop,2023-07-08
U01586,39,Colombia,Premium,Desktop,2023-01-10
U01587,26,Colombia,Basic,Desktop,2026-11-12
U01588,67,Spain,Standard,SmartTV,2024-08-11
U01589,50,Mexico,Basic,Desktop,2026-05-04
U01590,38,Ecuador,Standard,Tablet,2026-05-09
U01591,20,Argentina,Premium,Desktop,2026-06-09
U01592,23,Argentina,Premium,SmartTV,2023-11-15
U01593,44,Chile,Premium,Desktop,2023-09-21
U01594,19,United States,Standard,SmartTV,2025-12-19
U01595,19,Colombia,Standard,SmartTV,2023-08-20
U01596,35,Ecuador,Standard,Mobile,2024-11-27
U01597,37,Ecuador,Standard,Desktop,2025-07-16
U01598,40,Colombia,Standard,Mobile,2026-06-16
U01599,30,Chile,Premium,SmartTV,2025-11-07
U01600,46,Ecuador,Standard,Tablet,2025-12-11
U01601,25,Mexico,Standard,SmartTV,2023-12-23
U01602,43,United States,Premium,SmartTV,2023-09-19
U01603,38,Spain,Standard,Desktop,2023-12-12
U01604,42,Mexico,Standard,SmartTV,2026-07-03
U01605,49,Mexico,Premium,SmartTV,2025-11-17
U01606,30,Argentina,Premium,Mobile,2026-03-05
U01607,27,Chile,Basic,Mobile,2026-03-13
U01608,18,Peru,Standard,Mobile,2024-01-10
U01609,18,Colombia,Standard,Mobile,2024-09-15
U01610,33,Ecuador,Standard,Tablet,2023-10-12
U01611,34,Mexico,Basic,Mobile,2025-02-14
U01612,22,Chile,Standard,Mobile,2023-12-10
U01613,25,Ecuador,Standard,Mobile,2024-12-19
U01614,53,Colombia,Standard,Mobile,2026-02-15
U01615,46,Spain,Standard,Desktop,2025-11-03
U01616,20,Colombia,Basic,Mobile,2026-06-09
U01617,30,Peru,Premium,Mobile,2024-01-07
U01618,40,Ecuador,Basic,Mobile,2023-12-22
U01619,27,Ecuador,Standard,SmartTV,2023-04-08
U01620,25,Argentina,Basic,SmartTV,2023-03-27
U01621,31,Ecuador,Standard,SmartTV,2026-03-26
U01622,48,Colombia,Standard,Mobile,2026-07-25
U01623,49,United States,Premium,Desktop,2024-01-05
U01624,26,Chile,Standard,Tablet,2024-02-08
U01625,41,Mexico,Basic,Mobile,2025-02-01
U01626,35,Mexico,Basic,SmartTV,2023-06-19
U01627,23,Colombia,Premium,Desktop,2023-09-02
U01628,31,Peru,Basic,Mobile,2023-07-19
U01629,20,Peru,Basic,SmartTV,2023-05-04
U01630,49,Colombia,Basic,SmartTV,2023-09-21
U01631,54,Colombia,Premium,Desktop,2023-01-01
U01632,30,Mexico,Standard,SmartTV,2026-03-24
U01633,27,Ecuador,Standard,Desktop,2023-04-08
U01634,48,Ecuador,Basic,SmartTV,2023-03-20
U01635,50,Mexico,Premium,SmartTV,2023-10-26
U01636,22,Peru,Basic,SmartTV,2026-11-16
U01637,33,Mexico,Standard,Desktop,2023-01-24
U01638,34,Ecuador,Premium,Mobile,2025-06-22
U01639,26,Argentina,Basic,SmartTV,2023-05-20
U01640,40,Spain,Standard,Mobile,2026-11-26
U01641,27,Chile,Standard,Tablet,2025-05-14
U01642,29,Spain,Standard,SmartTV,2024-10-19
U01643,34,Peru,Standard,Desktop,2026-11-17
U01644,18,Ecuador,Standard,SmartTV,2023-11-01
U01645,18,Peru,Standard,Mobile,2025-03-24
U01646,46,Peru,Standard,Mobile,2023-04-11
U01647,26,Spain,Standard,Tablet,2026-05-14
U01648,61,Peru,Standard,SmartTV,2023-07-10
U01649,59,Colombia,Standard,SmartTV,2024-08-04
U01650,29,United States,Standard,SmartTV,2025-04-16
U01651,63,Colombia,Standard,Mobile,2025-02-17
U01652,46,Mexico,Standard,SmartTV,2023-04-05
U01653,27,Colombia,Standard,Tablet,2023-03-03
U01654,18,United States,Premium,SmartTV,2025-03-04
U01655,43,Colombia,Standard,SmartTV,2025-11-05
U01656,35,Argentina,Standard,Desktop,2023-06-05
U01657,40,Mexico,Basic,Tablet,2024-12-18
U01658,32,United States,Premium,Desktop,2026-12-04
U01659,21,United States,Standard,Tablet,2025-10-21
U01660,30,Spain,Premium,Desktop,2024-05-03
U01661,43,Ecuador,Premium,Mobile,2023-12-03
U01662,31,Chile,Basic,Mobile,2026-12-11
U01663,31,Spain,Premium,SmartTV,2024-10-21
U01664,18,Mexico,Standard,Mobile,2024-05-18
U01665,36,Spain,Standard,Desktop,2023-10-13
U01666,22,Spain,Standard,Tablet,2023-05-07
U01667,46,Colombia,Standard,Mobile,2023-11-20
U01668,26,Colombia,Premium,SmartTV,2025-06-21
U01669,31,Colombia,Basic,SmartTV,2023-04-27
U01670,61,Mexico,Standard,SmartTV,2023-12-23
U01671,31,Chile,Basic,SmartTV,2025-03-16
U01672,30,Ecuador,Standard,Tablet,2024-01-21
U01673,42,Argentina,Standard,SmartTV,2025-08-04
U01674,18,Ecuador,Premium,SmartTV,2026-11-03
U01675,50,Peru,Premium,Mobile,2024-05-18
U01676,47,Chile,Standard,SmartTV,2026-02-13
U01677,41,Chile,Standard,Mobile,2023-11-14
U01678,18,Ecuador,Premium,SmartTV,2023-12-15
U01679,32,Argentina,Standard,SmartTV,2024-02-22
U01680,20,Spain,Standard,SmartTV,2023-10-06
U01681,48,Mexico,Premium,SmartTV,2024-10-02
U01682,48,United States,Premium,SmartTV,2023-11-10
U01683,40,Colombia,Premium,Mobile,2024-01-08
U01684,21,Ecuador,Standard,SmartTV,2025-09-24
U01685,53,Ecuador,Standard,Tablet,2024-01-08
U01686,32,Argentina,Standard,SmartTV,2023-05-04
U01687,57,Ecuador,Standard,Mobile,2025-08-19
U01688,38,United States,Standard,SmartTV,2023-05-06
U01689,41,Mexico,Basic,Mobile,2024-10-09
U01690,29,Spain,Basic,SmartTV,2026-01-06
U01691,52,Peru,Standard,Mobile,2023-11-10
U01692,42,Argentina,Basic,SmartTV,2023-07-04
U01693,52,Peru,Standard,Tablet,2024-11-09
U01694,37,Chile,Basic,Mobile,2023-04-17
U01695,34,Argentina,Basic,SmartTV,2024-09-03
U01696,42,Colombia,Premium,Desktop,2026-10-08
U01697,52,United States,Standard,Desktop,2026-10-26
U01698,47,Argentina,Premium,SmartTV,2024-02-07
U01699,37,Argentina,Basic,SmartTV,2026-04-10
U01700,18,Colombia,Standard,Tablet,2023-08-15
U01701,45,Ecuador,Basic,Desktop,2024-07-23
U01702,18,Ecuador,Basic,Mobile,2025-09-24
U01703,35,Mexico,Basic,SmartTV,2025-04-18
U01704,34,Ecuador,Standard,SmartTV,2024-06-27
U01705,18,United States,Basic,SmartTV,2026-10-23
U01706,39,United States,Premium,SmartTV,2025-04-16
U01707,61,Ecuador,Standard,Tablet,2023-12-24
U01708,31,Argentina,Basic,Mobile,2023-03-07
U01709,44,Colombia,Premium,Tablet,2024-01-16
U01710,63,Peru,Standard,Tablet,2025-06-05
U01711,45,Colombia,Standard,Mobile,2023-12-07
U01712,27,Spain,Standard,Desktop,2024-01-01
U01713,38,United States,Standard,SmartTV,2025-10-07
U01714,41,Ecuador,Standard,SmartTV,2024-06-10
U01715,52,Colombia,Premium,Mobile,2024-07-24
U01716,50,Peru,Standard,Desktop,2023-03-10
U01717,18,Chile,Standard,SmartTV,2025-06-02
U01718,25,Ecuador,Premium,Tablet,2026-11-26
U01719,34,Spain,Standard,SmartTV,2025-12-26
U01720,23,United States,Premium,Tablet,2024-12-12
U01721,18,Peru,Premium,SmartTV,2023-07-01
U01722,26,Spain,Standard,SmartTV,2023-07-13
U01723,35,Mexico,Standard,Mobile,2024-12-06
U01724,29,Mexico,Standard,SmartTV,2025-04-05
U01725,23,Spain,Basic,Tablet,2024-04-06
U01726,35,Chile,Standard,SmartTV,2025-10-14
U01727,39,Chile,Standard,SmartTV,2025-02-02
U01728,29,Colombia,Standard,Mobile,2024-04-27
U01729,51,Argentina,Standard,Mobile,2023-08-12
U01730,36,Ecuador,Premium,SmartTV,2023-06-04
U01731,25,Colombia,Basic,Desktop,2024-09-05
U01732,22,Chile,Standard,Desktop,2024-06-25
U01733,32,Peru,Standard,SmartTV,2023-10-03
U01734,48,Colombia,Standard,Mobile,2026-12-13
U01735,25,Colombia,Basic,Desktop,2026-02-09
U01736,42,Spain,Standard,Mobile,2025-09-25
U01737,36,Mexico,Standard,Mobile,2023-03-22
U01738,59,Peru,Standard,Mobile,2025-07-22
U01739,40,Spain,Standard,Mobile,2023-09-12
U01740,27,Spain,Standard,SmartTV,2023-04-26
U01741,44,Ecuador,Standard,SmartTV,2023-10-02
U01742,44,Mexico,Premium,SmartTV,2026-02-09
U01743,30,Colombia,Basic,Tablet,2025-01-08
U01744,21,Chile,Standard,SmartTV,2025-06-06
U01745,41,Argentina,Premium,SmartTV,2024-05-15
U01746,36,Ecuador,Basic,SmartTV,2024-10-07
U01747,18,Chile,Standard,SmartTV,2023-09-20
U01748,38,Colombia,Standard,Desktop,2023-06-08
U01749,27,Chile,Standard,Tablet,2024-05-13
U01750,18,Ecuador,Standard,SmartTV,2025-10-12
U01751,31,Spain,Standard,SmartTV,2026-07-19
U01752,50,Chile,Premium,SmartTV,2026-04-20
U01753,49,Colombia,Standard,SmartTV,2023-05-27
U01754,46,Argentina,Standard,SmartTV,2026-12-16
U01755,38,Ecuador,Premium,SmartTV,2023-04-05
U01756,42,Mexico,Basic,SmartTV,2025-12-12
U01757,36,Chile,Premium,SmartTV,2025-07-11
U01758,22,Ecuador,Premium,Desktop,2024-01-06
U01759,24,Colombia,Premium,Tablet,2023-03-03
U01760,28,Ecuador,Basic,SmartTV,2026-03-15
U01761,52,Argentina,Standard,Mobile,2026-03-21
U01762,48,Argentina,Premium,Desktop,2025-08-14
U01763,22,Ecuador,Standard,Tablet,2026-05-26
U01764,36,Ecuador,Standard,Desktop,2025-12-03
U01765,30,United States,Standard,Desktop,2025-12-04
U01766,33,Colombia,Basic,Mobile,2023-05-19
U01767,29,Colombia,Premium,Mobile,2026-12-05
U01768,52,Mexico,Premium,SmartTV,2023-09-24
U01769,35,Ecuador,Basic,SmartTV,2023-03-01
U01770,38,United States,Basic,SmartTV,2025-02-23
U01771,38,Ecuador,Standard,Mobile,2024-09-15
U01772,23,Spain,Basic,SmartTV,2024-06-07
U01773,36,Peru,Standard,Desktop,2025-11-23
U01774,48,Ecuador,Standard,SmartTV,2024-01-08
U01775,53,Peru,Standard,SmartTV,2023-09-02
U01776,21,United States,Premium,Tablet,2023-06-01
U01777,18,Chile,Basic,SmartTV,2026-11-07
U01778,36,Ecuador,Standard,SmartTV,2025-06-15
U01779,48,United States,Premium,SmartTV,2026-08-26
U01780,39,Ecuador,Basic,SmartTV,2024-04-03
U01781,43,Ecuador,Standard,SmartTV,2025-05-01
U01782,19,Ecuador,Standard,SmartTV,2023-07-02
U01783,28,Spain,Basic,Tablet,2026-09-01
U01784,18,Ecuador,Standard,Tablet,2024-09-12
U01785,33,Ecuador,Premium,SmartTV,2025-08-08
U01786,18,United States,Standard,SmartTV,2026-01-20
U01787,51,Mexico,Standard,Desktop,2024-10-10
U01788,54,Colombia,Basic,Mobile,2026-04-21
U01789,37,Mexico,Standard,SmartTV,2024-09-10
U01790,18,Colombia,Standard,Tablet,2023-01-03
U01791,40,Chile,Premium,Tablet,2023-05-01
U01792,57,Peru,Basic,Tablet,2023-12-24
U01793,41,Mexico,Premium,SmartTV,2026-10-23
U01794,49,Argentina,Premium,SmartTV,2025-06-17
U01795,29,Peru,Premium,SmartTV,2023-12-19
U01796,25,Ecuador,Standard,SmartTV,2023-10-15
U01797,34,Peru,Basic,Mobile,2026-12-24
U01798,18,Argentina,Standard,SmartTV,2023-01-20
U01799,62,Spain,Standard,Desktop,2023-09-01
U01800,37,Spain,Basic,SmartTV,2023-12-05
U01801,45,United States,Standard,Tablet,2025-11-10
U01802,29,Spain,Standard,SmartTV,2023-06-27
U01803,18,United States,Standard,Desktop,2024-06-11
U01804,52,Mexico,Premium,SmartTV,2024-09-15
U01805,22,Colombia,Standard,SmartTV,2024-10-17
U01806,39,Mexico,Standard,SmartTV,2026-03-09
U01807,40,Colombia,Standard,Mobile,2024-06-01
U01808,36,Ecuador,Standard,SmartTV,2026-08-09
U01809,26,Colombia,Standard,Tablet,2023-04-27
U01810,33,Peru,Basic,Mobile,2025-03-04
U01811,24,Argentina,Standard,SmartTV,2023-09-10
U01812,45,Peru,Standard,Tablet,2026-08-12
U01813,42,Ecuador,Standard,SmartTV,2023-07-16
U01814,35,United States,Standard,Tablet,2024-08-02
U01815,28,Mexico,Basic,SmartTV,2026-08-01
U01816,60,Colombia,Standard,SmartTV,2026-01-22
U01817,19,Colombia,Basic,SmartTV,2023-03-20
U01818,18,Ecuador,Premium,Mobile,2025-07-17
U01819,34,United States,Standard,Mobile,2025-10-02
U01820,32,Colombia,Standard,SmartTV,2023-10-20
U01821,48,United States,Premium,Desktop,2023-04-07
U01822,43,Colombia,Standard,Desktop,2024-05-05
U01823,35,Spain,Basic,SmartTV,2026-08-22
U01824,41,Ecuador,Premium,Mobile,2026-08-02
U01825,41,Chile,Premium,Desktop,2024-09-23
U01826,60,Peru,Standard,SmartTV,2024-10-19
U01827,38,Peru,Basic,Mobile,2025-08-10
U01828,27,United States,Premium,SmartTV,2023-04-18
U01829,37,Argentina,Basic,Mobile,2023-01-24
U01830,18,Colombia,Standard,SmartTV,2025-11-04
U01831,35,Argentina,Premium,SmartTV,2025-08-12
U01832,48,Ecuador,Premium,SmartTV,2023-04-26
U01833,42,United States,Standard,Mobile,2025-12-17
U01834,39,Peru,Basic,SmartTV,2026-10-15
U01835,43,Colombia,Standard,Desktop,2024-06-06
U01836,48,Colombia,Premium,SmartTV,2023-09-12
U01837,52,Ecuador,Standard,Mobile,2024-09-20
U01838,40,United States,Premium,Mobile,2024-09-17
U01839,31,Colombia,Basic,Mobile,2026-03-27
U01840,18,Ecuador,Premium,Mobile,2024-03-25
U01841,47,Spain,Basic,Mobile,2026-10-02
U01842,41,Colombia,Standard,Mobile,2024-11-06
U01843,37,Ecuador,Premium,Tablet,2025-07-15
U01844,27,Mexico,Standard,SmartTV,2024-12-21
U01845,47,Ecuador,Standard,SmartTV,2024-11-11
U01846,32,Spain,Standard,Desktop,2026-02-27
U01847,35,Mexico,Premium,Mobile,2025-07-06
U01848,34,Colombia,Basic,Tablet,2023-10-06
U01849,40,Chile,Basic,Mobile,2024-03-07
U01850,21,Colombia,Standard,SmartTV,2026-10-19
U01851,42,Chile,Premium,SmartTV,2024-11-08
U01852,26,Mexico,Premium,SmartTV,2024-05-13
U01853,27,Argentina,Standard,SmartTV,2025-10-03
U01854,46,Chile,Standard,SmartTV,2026-12-04
U01855,23,Spain,Standard,Tablet,2023-12-27
U01856,46,Ecuador,Standard,SmartTV,2023-10-03
U01857,36,United States,Basic,Mobile,2025-01-11
U01858,18,Colombia,Standard,SmartTV,2023-05-01
U01859,51,Spain,Basic,Mobile,2023-04-15
U01860,39,Chile,Standard,Desktop,2023-11-21
U01861,40,Ecuador,Standard,SmartTV,2026-06-04
U01862,47,Peru,Premium,Desktop,2024-04-04
U01863,53,United States,Basic,Tablet,2023-08-07
U01864,37,Spain,Premium,Tablet,2026-07-10
U01865,42,Argentina,Premium,Mobile,2024-12-19
U01866,39,Peru,Standard,Mobile,2026-03-09
U01867,31,Mexico,Standard,SmartTV,2023-12-27
U01868,18,Colombia,Standard,Mobile,2024-05-19
U01869,38,Mexico,Basic,Mobile,2025-01-14
U01870,52,Colombia,Standard,Tablet,2023-10-04
U01871,42,Spain,Standard,Mobile,2024-09-14
U01872,22,Argentina,Standard,Mobile,2025-05-20
U01873,48,Peru,Premium,SmartTV,2026-04-27
U01874,31,Mexico,Standard,Mobile,2025-07-03
U01875,18,Colombia,Standard,SmartTV,2024-03-17
U01876,47,Ecuador,Basic,SmartTV,2025-03-05
U01877,24,Colombia,Premium,Desktop,2025-05-10
U01878,56,Colombia,Premium,Mobile,2024-05-23
U01879,49,Colombia,Standard,Tablet,2024-09-15
U01880,32,Mexico,Premium,SmartTV,2025-03-16
U01881,41,Argentina,Standard,SmartTV,2023-03-17
U01882,64,Chile,Basic,Desktop,2024-07-18
U01883,47,United States,Premium,SmartTV,2023-05-27
U01884,38,United States,Standard,Mobile,2025-01-12
U01885,70,Ecuador,Standard,SmartTV,2024-11-11
U01886,36,Chile,Standard,SmartTV,2025-10-18
U01887,42,United States,Standard,SmartTV,2025-08-25
U01888,24,Colombia,Basic,SmartTV,2024-07-19
U01889,18,Peru,Standard,SmartTV,2024-02-18
U01890,32,United States,Basic,SmartTV,2024-05-21
U01891,35,Argentina,Basic,SmartTV,2023-07-06
U01892,39,Spain,Basic,Mobile,2023-02-26
U01893,18,Spain,Standard,SmartTV,2024-10-10
U01894,43,Ecuador,Premium,SmartTV,2024-12-13
U01895,25,Mexico,Basic,Mobile,2026-11-26
U01896,42,Spain,Standard,Tablet,2026-05-23
U01897,46,Colombia,Premium,Tablet,2023-05-08
U01898,30,Ecuador,Premium,SmartTV,2025-05-18
U01899,23,Ecuador,Standard,Mobile,2023-01-21
U01900,54,Argentina,Premium,SmartTV,2023-08-08
U01901,45,Mexico,Standard,Desktop,2024-07-23
U01902,37,United States,Standard,Desktop,2025-11-15
U01903,53,Colombia,Standard,Mobile,2026-04-22
U01904,36,Mexico,Standard,SmartTV,2024-08-22
U01905,28,Ecuador,Standard,SmartTV,2023-12-14
U01906,23,United States,Premium,SmartTV,2023-09-12
U01907,34,Mexico,Standard,Desktop,2024-08-03
U01908,44,Argentina,Premium,SmartTV,2024-10-18
U01909,52,Colombia,Standard,SmartTV,2025-11-02
U01910,35,Ecuador,Standard,SmartTV,2023-08-10
U01911,50,Ecuador,Basic,Mobile,2026-11-24
U01912,32,Spain,Standard,Desktop,2024-06-20
U01913,26,Ecuador,Standard,Mobile,2025-07-27
U01914,19,Spain,Basic,SmartTV,2023-01-15
U01915,29,Colombia,Premium,SmartTV,2025-03-09
U01916,20,Chile,Basic,SmartTV,2023-10-02
U01917,59,Colombia,Basic,SmartTV,2024-12-19
U01918,40,Ecuador,Standard,Mobile,2025-02-05
U01919,34,Chile,Basic,Desktop,2026-10-11
U01920,56,Peru,Standard,Mobile,2026-07-04
U01921,19,Peru,Basic,SmartTV,2026-11-25
U01922,33,Mexico,Basic,SmartTV,2026-02-22
U01923,59,Colombia,Standard,Mobile,2024-03-20
U01924,33,Mexico,Standard,SmartTV,2025-04-12
U01925,64,Mexico,Standard,Mobile,2026-05-08
U01926,44,Ecuador,Basic,Desktop,2024-03-25
U01927,51,Peru,Standard,SmartTV,2023-02-05
U01928,51,Ecuador,Standard,Mobile,2024-08-21
U01929,35,Ecuador,Basic,Mobile,2026-01-04
U01930,29,Ecuador,Standard,SmartTV,2025-12-16
U01931,34,Mexico,Standard,SmartTV,2025-10-19
U01932,23,Ecuador,Premium,Desktop,2026-04-10
U01933,34,Spain,Premium,SmartTV,2023-03-16
U01934,35,Argentina,Standard,Mobile,2024-12-13
U01935,55,Ecuador,Basic,Tablet,2023-11-05
U01936,42,Mexico,Premium,SmartTV,2026-07-02
U01937,63,Ecuador,Standard,Desktop,2025-01-21
U01938,18,Ecuador,Premium,SmartTV,2023-08-07
U01939,20,United States,Standard,Desktop,2024-03-14
U01940,31,Chile,Basic,SmartTV,2024-11-18
U01941,53,Ecuador,Premium,Mobile,2023-07-01
U01942,34,Spain,Premium,SmartTV,2023-09-10
U01943,18,United States,Basic,Desktop,2024-01-26
U01944,32,Chile,Standard,SmartTV,2023-01-15
U01945,21,Argentina,Standard,Tablet,2025-01-19
U01946,18,Spain,Standard,Desktop,2025-05-01
U01947,59,Argentina,Premium,SmartTV,2025-08-09
U01948,31,Chile,Basic,SmartTV,2025-02-06
U01949,37,Spain,Basic,SmartTV,2025-12-17
U01950,34,Chile,Basic,Mobile,2025-11-05
U01951,32,Colombia,Premium,SmartTV,2025-12-20
U01952,25,Ecuador,Basic,SmartTV,2024-02-10
U01953,31,Peru,Standard,Tablet,2023-06-08
U01954,39,Ecuador,Premium,SmartTV,2025-11-12
U01955,52,Ecuador,Premium,SmartTV,2025-12-20
U01956,46,Chile,Basic,Mobile,2025-04-19
U01957,20,United States,Basic,Mobile,2025-02-14
U01958,47,Ecuador,Premium,SmartTV,2023-10-23
U01959,41,Colombia,Standard,SmartTV,2026-11-13
U01960,28,Spain,Basic,SmartTV,2026-02-27
U01961,37,Peru,Basic,SmartTV,2024-12-20
U01962,42,Argentina,Premium,Mobile,2025-03-07
U01963,36,Chile,Premium,Mobile,2023-12-13
U01964,41,Mexico,Standard,SmartTV,2026-01-09
U01965,25,Ecuador,Standard,Desktop,2026-05-18
U01966,59,Peru,Standard,Mobile,2025-09-08
U01967,18,Mexico,Basic,Mobile,2024-09-05
U01968,42,Ecuador,Premium,SmartTV,2023-08-03
U01969,39,Colombia,Standard,Desktop,2023-12-06
U01970,43,Peru,Basic,Tablet,2025-02-12
U01971,26,Mexico,Standard,Tablet,2023-08-24
U01972,49,Chile,Basic,Mobile,2024-11-25
U01973,34,Argentina,Standard,SmartTV,2025-10-01
U01974,21,Argentina,Standard,SmartTV,2026-04-24
U01975,22,Ecuador,Standard,Tablet,2025-08-15
U01976,36,United States,Standard,SmartTV,2024-07-14
U01977,18,Spain,Basic,Mobile,2025-05-14
U01978,57,Colombia,Standard,Mobile,2023-05-02
U01979,48,Chile,Standard,Tablet,2023-04-07
U01980,57,Colombia,Standard,Tablet,2024-09-25
U01981,56,United States,Basic,SmartTV,2023-06-09
U01982,31,Peru,Premium,SmartTV,2023-05-15
U01983,25,Peru,Basic,SmartTV,2025-10-15
U01984,18,United States,Basic,SmartTV,2026-12-27
U01985,30,Mexico,Basic,SmartTV,2026-11-22
U01986,56,Ecuador,Standard,Mobile,2024-09-16
U01987,25,Mexico,Basic,Desktop,2024-09-22
U01988,32,Spain,Basic,SmartTV,2023-11-06
U01989,28,Peru,Standard,Desktop,2023-03-17
U01990,39,Chile,Standard,SmartTV,2025-05-01
U01991,50,Mexico,Basic,Tablet,2024-07-11
U01992,18,Chile,Standard,Mobile,2026-03-02
U01993,19,United States,Standard,Tablet,2023-09-17
U01994,53,Chile,Basic,SmartTV,2025-10-23
U01995,44,Mexico,Basic,SmartTV,2025-07-26
U01996,32,Spain,Standard,Mobile,2024-11-11
U01997,55,Ecuador,Premium,SmartTV,2026-10-03
U01998,19,Ecuador,Premium,Tablet,2026-02-01
U01999,46,United States,Standard,SmartTV,2024-02-05
U02000,34,Argentina,Premium,SmartTV,2025-07-22
U02001,42,Peru,Standard,Mobile,2023-09-05
U02002,18,Ecuador,Standard,Desktop,2024-09-07
U02003,32,Ecuador,Premium,SmartTV,2024-10-26
U02004,44,Ecuador,Standard,SmartTV,2023-09-12
U02005,34,Peru,Standard,Tablet,2024-04-08
U02006,50,Mexico,Standard,SmartTV,2023-06-20
U02007,50,Ecuador,Premium,Desktop,2025-11-22
U02008,23,Mexico,Basic,Desktop,2024-01-17
U02009,45,United States,Standard,Mobile,2026-03-23
U02010,23,United States,Standard,Mobile,2026-03-08
U02011,36,Spain,Premium,Desktop,2026-09-23
U02012,43,Peru,Basic,SmartTV,2026-08-19
U02013,25,Chile,Basic,SmartTV,2026-07-12
U02014,44,Chile,Standard,Tablet,2025-12-19
U02015,29,Ecuador,Basic,Tablet,2025-12-21
U02016,28,Spain,Standard,Mobile,2023-12-10
U02017,43,Mexico,Standard,SmartTV,2024-06-21
U02018,25,Mexico,Premium,Mobile,2025-01-23
U02019,24,Colombia,Standard,Mobile,2026-04-17
U02020,47,Ecuador,Standard,Desktop,2023-06-18
U02021,36,Spain,Premium,Mobile,2026-05-18
U02022,18,Ecuador,Basic,SmartTV,2026-11-27
U02023,45,Ecuador,Standard,SmartTV,2024-10-20
U02024,30,Mexico,Standard,SmartTV,2024-08-13
U02025,18,Argentina,Basic,SmartTV,2023-05-07
U02026,18,Ecuador,Basic,SmartTV,2023-05-18
U02027,46,Colombia,Standard,SmartTV,2023-10-12
U02028,25,Spain,Standard,Tablet,2024-07-12
U02029,20,United States,Standard,SmartTV,2026-11-12
U02030,43,Chile,Basic,Desktop,2023-06-27
U02031,45,Spain,Basic,SmartTV,2026-10-18
U02032,26,Colombia,Premium,SmartTV,2025-02-04
U02033,46,Argentina,Basic,Mobile,2025-06-06
U02034,60,Mexico,Premium,SmartTV,2024-05-05
U02035,51,Spain,Standard,Tablet,2025-10-07
U02036,49,Argentina,Standard,Tablet,2023-05-03
U02037,39,Colombia,Standard,Mobile,2025-11-08
U02038,30,Ecuador,Premium,Mobile,2024-03-09
U02039,34,Spain,Premium,Mobile,2025-09-07
U02040,40,Ecuador,Standard,SmartTV,2026-01-09
U02041,20,Mexico,Standard,SmartTV,2023-12-07
U02042,26,Chile,Standard,SmartTV,2023-12-13
U02043,18,Ecuador,Basic,Tablet,2023-08-24
U02044,38,Mexico,Premium,Mobile,2024-03-07
U02045,36,Chile,Basic,Desktop,2024-01-06
U02046,27,Spain,Standard,SmartTV,2023-07-09
U02047,45,Colombia,Standard,Desktop,2023-07-06
U02048,22,Ecuador,Premium,SmartTV,2026-11-19
U02049,27,Ecuador,Standard,SmartTV,2026-09-07
U02050,44,Colombia,Standard,SmartTV,2026-09-10
U02051,46,Mexico,Basic,Tablet,2023-05-22
U02052,25,Peru,Basic,Mobile,2023-12-11
U02053,38,Ecuador,Basic,SmartTV,2026-05-17
U02054,26,United States,Premium,Tablet,2024-08-10
U02055,33,Ecuador,Basic,Desktop,2023-04-27
U02056,37,Peru,Premium,SmartTV,2023-05-07
U02057,42,Spain,Basic,Tablet,2023-05-25
U02058,39,Mexico,Premium,Mobile,2025-01-13
U02059,38,Colombia,Standard,Mobile,2026-04-02
U02060,22,United States,Premium,Mobile,2026-07-02
U02061,40,Chile,Standard,Mobile,2024-06-02
U02062,42,Ecuador,Premium,Desktop,2026-01-25
U02063,43,Ecuador,Standard,Mobile,2025-12-06
U02064,26,United States,Standard,SmartTV,2023-05-13
U02065,46,Colombia,Premium,SmartTV,2024-10-01
U02066,19,Spain,Standard,Desktop,2025-07-17
U02067,30,Ecuador,Basic,SmartTV,2026-03-13
U02068,32,Ecuador,Standard,Mobile,2024-12-14
U02069,20,Spain,Standard,SmartTV,2023-05-17
U02070,32,United States,Premium,Desktop,2025-02-05
U02071,38,Ecuador,Premium,Mobile,2024-10-24
U02072,18,Ecuador,Standard,Tablet,2024-04-15
U02073,30,Argentina,Standard,SmartTV,2025-12-16
U02074,18,Chile,Basic,SmartTV,2023-09-22
U02075,59,Peru,Standard,SmartTV,2026-04-02
U02076,38,Colombia,Premium,SmartTV,2023-02-19
U02077,37,United States,Basic,Desktop,2025-09-11
U02078,38,Ecuador,Standard,SmartTV,2024-07-19
U02079,42,Colombia,Basic,SmartTV,2024-08-04
U02080,47,Colombia,Basic,Tablet,2023-03-12
U02081,18,Ecuador,Basic,SmartTV,2026-10-16
U02082,51,Chile,Basic,Desktop,2024-10-25
U02083,50,Peru,Standard,SmartTV,2024-06-14
U02084,34,Mexico,Premium,SmartTV,2023-01-20
U02085,34,Peru,Basic,Mobile,2025-05-22
U02086,18,Ecuador,Premium,SmartTV,2024-03-12
U02087,20,Spain,Standard,Mobile,2023-09-27
U02088,41,Chile,Basic,SmartTV,2023-12-18
U02089,49,Colombia,Standard,SmartTV,2025-09-05
U02090,44,Ecuador,Basic,Desktop,2024-11-02
U02091,34,Mexico,Premium,SmartTV,2025-12-27
U02092,58,Spain,Standard,Desktop,2024-04-27
U02093,47,Mexico,Standard,Mobile,2023-07-11
U02094,30,Spain,Basic,SmartTV,2026-04-24
U02095,61,Ecuador,Basic,SmartTV,2024-01-19
U02096,22,United States,Standard,SmartTV,2026-03-21
U02097,18,Colombia,Basic,SmartTV,2025-09-05
U02098,30,Colombia,Standard,SmartTV,2023-09-17
U02099,26,Chile,Standard,Mobile,2024-10-07
U02100,31,Ecuador,Standard,SmartTV,2023-04-11
U02101,45,Peru,Basic,Desktop,2024-03-11
U02102,35,Colombia,Standard,SmartTV,2024-08-04
U02103,35,Argentina,Standard,SmartTV,2026-06-17
U02104,36,Argentina,Premium,Mobile,2023-12-12
U02105,18,Mexico,Standard,SmartTV,2024-05-17
U02106,18,Peru,Standard,SmartTV,2025-12-18
U02107,30,Colombia,Basic,Desktop,2025-01-03
U02108,25,Spain,Standard,SmartTV,2024-01-01
U02109,32,Chile,Standard,SmartTV,2024-03-12
U02110,52,Chile,Standard,Mobile,2025-04-05
U02111,34,Ecuador,Standard,SmartTV,2025-12-09
U02112,19,Colombia,Premium,Tablet,2024-04-20
U02113,25,Peru,Premium,Mobile,2023-08-10
U02114,56,Mexico,Standard,Desktop,2024-07-20
U02115,53,Spain,Basic,SmartTV,2023-09-26
U02116,42,United States,Premium,SmartTV,2026-03-23
U02117,18,Peru,Standard,SmartTV,2023-02-18
U02118,39,Chile,Premium,SmartTV,2023-08-24
U02119,40,Argentina,Standard,SmartTV,2024-01-05
U02120,35,Colombia,Premium,SmartTV,2024-02-22
U02121,28,Chile,Basic,Mobile,2026-03-15
U02122,31,Mexico,Standard,SmartTV,2024-06-21
U02123,27,Colombia,Standard,Mobile,2026-09-21
U02124,21,Colombia,Basic,Tablet,2024-07-18
U02125,51,Peru,Basic,Mobile,2026-01-05
U02126,46,Mexico,Basic,Mobile,2024-07-02
U02127,32,Colombia,Basic,SmartTV,2024-09-21
U02128,39,Colombia,Premium,Mobile,2023-03-15
U02129,40,Ecuador,Premium,SmartTV,2023-06-25
U02130,63,Spain,Premium,Tablet,2026-06-15
U02131,45,United States,Premium,SmartTV,2025-08-03
U02132,45,United States,Premium,Mobile,2026-01-20
U02133,35,Spain,Premium,Desktop,2023-02-27
U02134,30,Ecuador,Basic,SmartTV,2023-01-17
U02135,52,Ecuador,Standard,SmartTV,2023-10-20
U02136,43,Chile,Premium,Mobile,2023-06-03
U02137,25,Chile,Standard,Mobile,2024-10-27
U02138,40,Argentina,Standard,SmartTV,2023-04-17
U02139,45,Colombia,Standard,Desktop,2024-10-23
U02140,18,United States,Standard,SmartTV,2023-04-15
U02141,24,Colombia,Standard,Mobile,2026-12-09
U02142,39,Mexico,Standard,SmartTV,2024-01-24
U02143,18,Spain,Standard,SmartTV,2024-07-11
U02144,18,Chile,Standard,Desktop,2024-02-22
U02145,32,Argentina,Standard,SmartTV,2026-01-18
U02146,41,Argentina,Standard,Mobile,2025-12-11
U02147,41,Spain,Standard,Tablet,2023-06-05
U02148,54,Spain,Standard,SmartTV,2023-04-04
U02149,36,Peru,Standard,Desktop,2025-04-04
U02150,31,Peru,Premium,SmartTV,2023-09-11
U02151,19,Spain,Standard,Tablet,2023-04-04
U02152,30,Mexico,Premium,SmartTV,2023-09-07
U02153,43,Mexico,Premium,Desktop,2024-08-21
U02154,44,Peru,Premium,SmartTV,2026-04-21
U02155,38,Colombia,Premium,Mobile,2025-06-25
U02156,42,Chile,Standard,SmartTV,2024-02-18
U02157,50,United States,Standard,Mobile,2024-01-09
U02158,36,Colombia,Standard,SmartTV,2024-05-05
U02159,51,Colombia,Basic,SmartTV,2026-06-02
U02160,26,Ecuador,Basic,Mobile,2025-12-24
U02161,34,Chile,Basic,Tablet,2024-02-02
U02162,29,Colombia,Standard,SmartTV,2024-06-10
U02163,45,Mexico,Basic,Desktop,2026-10-19
U02164,23,Ecuador,Standard,SmartTV,2025-05-14
U02165,31,Colombia,Basic,SmartTV,2025-01-20
U02166,18,Ecuador,Basic,Mobile,2023-07-07
U02167,42,Ecuador,Standard,SmartTV,2023-09-14
U02168,50,Spain,Premium,Tablet,2026-08-17
U02169,46,United States,Standard,Mobile,2024-09-26
U02170,45,Argentina,Premium,Tablet,2023-09-03
U02171,45,Spain,Basic,SmartTV,2026-10-25
U02172,43,Ecuador,Standard,Mobile,2025-09-07
U02173,42,United States,Basic,SmartTV,2026-02-21
U02174,43,Chile,Standard,SmartTV,2025-07-07
U02175,27,Argentina,Basic,SmartTV,2024-11-23
U02176,33,Mexico,Basic,SmartTV,2026-05-16
U02177,36,Peru,Standard,Mobile,2024-07-19
U02178,31,Colombia,Standard,Mobile,2024-08-12
U02179,18,Ecuador,Basic,Desktop,2023-11-04
U02180,20,Peru,Premium,SmartTV,2025-12-01
U02181,38,Chile,Standard,Tablet,2023-06-25
U02182,46,United States,Standard,SmartTV,2025-11-01
U02183,35,Ecuador,Standard,SmartTV,2024-09-21
U02184,68,Mexico,Standard,SmartTV,2024-08-13
U02185,24,Chile,Premium,Mobile,2024-05-06
U02186,40,Ecuador,Standard,SmartTV,2025-11-03
U02187,50,Colombia,Basic,Mobile,2024-09-05
U02188,48,Peru,Basic,Mobile,2023-01-04
U02189,43,Chile,Standard,Desktop,2026-06-05
U02190,48,Colombia,Standard,Tablet,2023-02-04
U02191,36,Ecuador,Standard,SmartTV,2025-05-13
U02192,55,Colombia,Premium,Mobile,2026-09-18
U02193,50,Spain,Standard,Tablet,2024-11-18
U02194,25,Spain,Standard,SmartTV,2023-11-26
U02195,39,Colombia,Basic,SmartTV,2026-07-08
U02196,18,Mexico,Standard,Mobile,2025-02-06
U02197,53,United States,Standard,Desktop,2024-02-21
U02198,38,Ecuador,Premium,Desktop,2026-09-10
U02199,51,Ecuador,Standard,SmartTV,2025-02-20
U02200,34,Ecuador,Basic,SmartTV,2023-11-17
U02201,18,Ecuador,Premium,Desktop,2025-05-21
U02202,67,Spain,Premium,Desktop,2026-12-02
U02203,37,Spain,Basic,SmartTV,2023-06-04
U02204,23,Chile,Premium,SmartTV,2023-08-13
U02205,49,Peru,Standard,Mobile,2026-08-13
U02206,59,Spain,Premium,SmartTV,2025-02-11
U02207,33,Colombia,Standard,Tablet,2024-01-23
U02208,34,Ecuador,Basic,SmartTV,2025-08-10
U02209,38,Ecuador,Premium,SmartTV,2026-11-14
U02210,22,Spain,Standard,SmartTV,2023-01-14
U02211,27,Argentina,Premium,Tablet,2025-10-10
U02212,56,Mexico,Basic,SmartTV,2026-10-15
U02213,33,Argentina,Standard,Mobile,2024-08-24
U02214,25,Ecuador,Standard,Mobile,2024-05-12
U02215,30,Peru,Standard,Mobile,2023-10-10
U02216,48,Spain,Standard,Mobile,2024-12-05
U02217,18,United States,Standard,SmartTV,2025-10-04
U02218,38,Chile,Standard,Desktop,2023-09-16
U02219,65,Ecuador,Standard,SmartTV,2023-04-18
U02220,59,United States,Standard,SmartTV,2025-02-09
U02221,42,Peru,Standard,SmartTV,2023-04-14
U02222,51,Colombia,Standard,Mobile,2023-11-14
U02223,51,Ecuador,Premium,Desktop,2025-02-17
U02224,33,Ecuador,Standard,Mobile,2024-11-26
U02225,46,Mexico,Standard,Tablet,2023-08-24
U02226,56,Mexico,Basic,Desktop,2026-07-12
U02227,20,Colombia,Basic,Mobile,2023-06-05
U02228,42,Ecuador,Standard,Mobile,2026-12-07
U02229,39,Chile,Standard,SmartTV,2026-11-14
U02230,36,Peru,Premium,SmartTV,2024-10-17
U02231,35,Colombia,Premium,Tablet,2023-08-12
U02232,38,Colombia,Standard,Desktop,2026-01-07
U02233,39,Spain,Standard,Mobile,2026-04-27
U02234,48,United States,Standard,SmartTV,2023-04-15
U02235,41,Peru,Standard,Desktop,2023-10-17
U02236,33,Mexico,Standard,Desktop,2026-03-25
U02237,25,Spain,Standard,Tablet,2026-10-06
U02238,29,Ecuador,Standard,SmartTV,2024-07-07
U02239,38,United States,Premium,SmartTV,2026-10-06
U02240,27,Chile,Standard,Tablet,2023-06-01
U02241,46,Mexico,Basic,Desktop,2023-03-06
U02242,40,Chile,Standard,Mobile,2023-07-24
U02243,49,Colombia,Premium,Mobile,2025-07-07
U02244,27,Spain,Basic,Mobile,2026-01-12
U02245,25,Argentina,Premium,SmartTV,2025-12-09
U02246,49,Ecuador,Premium,SmartTV,2025-07-11
U02247,37,Mexico,Standard,Tablet,2023-04-16
U02248,33,United States,Standard,SmartTV,2025-07-21
U02249,43,Spain,Basic,Tablet,2024-05-15
U02250,43,Mexico,Basic,SmartTV,2025-03-02
U02251,20,Colombia,Standard,Desktop,2023-03-11
U02252,52,Peru,Premium,Mobile,2023-07-11
U02253,30,Ecuador,Premium,SmartTV,2023-09-16
U02254,55,Spain,Basic,Desktop,2025-01-22
U02255,19,Argentina,Standard,Mobile,2025-04-11
U02256,39,United States,Standard,Tablet,2026-11-20
U02257,33,Ecuador,Standard,Mobile,2024-12-06
U02258,18,United States,Standard,SmartTV,2025-08-16
U02259,43,United States,Premium,Mobile,2025-02-22
U02260,18,Mexico,Standard,SmartTV,2026-12-26
U02261,31,United States,Basic,SmartTV,2025-12-27
U02262,48,Peru,Standard,Mobile,2026-11-01
U02263,29,Colombia,Basic,Mobile,2025-07-05
U02264,24,Ecuador,Premium,SmartTV,2023-06-09
U02265,45,Ecuador,Premium,SmartTV,2024-02-01
U02266,32,Ecuador,Basic,Desktop,2023-10-01
U02267,30,Mexico,Standard,Desktop,2025-03-25
U02268,50,Peru,Premium,Mobile,2026-08-13
U02269,21,Ecuador,Standard,Desktop,2023-01-24
U02270,29,Ecuador,Standard,Tablet,2023-02-27
U02271,45,Mexico,Premium,Mobile,2025-01-14
U02272,20,United States,Basic,SmartTV,2023-10-01
U02273,56,Peru,Standard,SmartTV,2024-11-12
U02274,32,Argentina,Basic,SmartTV,2026-04-18
U02275,45,United States,Standard,Mobile,2024-10-07
U02276,45,Argentina,Premium,SmartTV,2024-10-05
U02277,33,Argentina,Standard,SmartTV,2025-06-17
U02278,29,Mexico,Standard,Mobile,2026-11-13
U02279,34,United States,Basic,Mobile,2023-06-23
U02280,44,Colombia,Premium,SmartTV,2025-06-20
U02281,23,Spain,Standard,SmartTV,2024-12-24
U02282,21,Peru,Standard,Mobile,2023-12-11
U02283,53,Ecuador,Basic,SmartTV,2026-08-04
U02284,26,Argentina,Standard,Desktop,2026-10-10
U02285,39,Spain,Standard,Mobile,2023-11-03
U02286,33,Spain,Standard,Desktop,2026-08-22
U02287,33,United States,Standard,Desktop,2023-04-04
U02288,52,Argentina,Standard,SmartTV,2023-10-06
U02289,34,Chile,Standard,SmartTV,2025-07-06
U02290,31,United States,Standard,Mobile,2023-10-01
U02291,32,Colombia,Premium,SmartTV,2025-05-19
U02292,29,Ecuador,Basic,SmartTV,2025-03-16
U02293,27,Peru,Basic,SmartTV,2026-05-13
U02294,29,Mexico,Basic,Mobile,2026-12-18
U02295,55,Mexico,Basic,Mobile,2023-10-22
U02296,44,Spain,Standard,Tablet,2025-11-18
U02297,31,Ecuador,Basic,Mobile,2023-08-12
U02298,47,Spain,Basic,Desktop,2026-11-06
U02299,18,Mexico,Standard,SmartTV,2023-12-07
U02300,52,United States,Standard,SmartTV,2024-11-23
U02301,51,Peru,Standard,Tablet,2025-02-25
U02302,62,Mexico,Standard,Desktop,2024-05-11
U02303,47,Argentina,Premium,Tablet,2023-07-06
U02304,40,Chile,Basic,Mobile,2025-05-03
U02305,50,Ecuador,Standard,SmartTV,2023-05-24
U02306,27,Ecuador,Standard,Desktop,2025-05-02
U02307,30,Ecuador,Premium,Tablet,2025-12-14
U02308,34,Chile,Basic,Tablet,2026-03-19
U02309,51,Mexico,Premium,SmartTV,2023-12-06
U02310,25,Mexico,Standard,SmartTV,2023-02-19
U02311,23,Argentina,Standard,Mobile,2024-06-21
U02312,38,Ecuador,Standard,SmartTV,2024-02-09
U02313,44,Ecuador,Standard,Mobile,2023-03-06
U02314,27,Argentina,Basic,SmartTV,2024-11-15
U02315,43,Spain,Premium,Mobile,2026-09-07
U02316,51,Argentina,Premium,Desktop,2025-01-05
U02317,49,Argentina,Basic,Mobile,2025-06-01
U02318,39,United States,Basic,SmartTV,2025-09-05
U02319,34,United States,Standard,SmartTV,2023-07-16
U02320,56,Mexico,Premium,SmartTV,2024-01-13
U02321,35,Colombia,Standard,Mobile,2024-07-26
U02322,46,Ecuador,Standard,Desktop,2023-02-15
U02323,58,Mexico,Basic,SmartTV,2026-04-18
U02324,45,Peru,Premium,Mobile,2024-03-15
U02325,23,Ecuador,Basic,SmartTV,2023-07-15
U02326,20,Colombia,Standard,SmartTV,2024-05-21
U02327,31,United States,Premium,Tablet,2026-03-06
U02328,44,Ecuador,Standard,Mobile,2023-09-11
U02329,40,Spain,Standard,Desktop,2024-01-11
U02330,61,United States,Premium,Tablet,2025-07-14
U02331,40,Mexico,Basic,Tablet,2026-12-12
U02332,31,Ecuador,Basic,SmartTV,2023-04-09
U02333,21,Spain,Basic,Mobile,2025-06-07
U02334,49,Mexico,Standard,SmartTV,2023-06-10
U02335,35,Colombia,Standard,SmartTV,2025-03-26
U02336,18,Mexico,Standard,Desktop,2024-07-06
U02337,35,Ecuador,Standard,Mobile,2024-10-10
U02338,23,Argentina,Premium,SmartTV,2026-12-13
U02339,30,United States,Standard,Mobile,2025-09-25
U02340,35,Chile,Basic,Tablet,2025-02-07
U02341,24,United States,Standard,Mobile,2025-06-11
U02342,29,Peru,Premium,Tablet,2024-02-27
U02343,26,Spain,Standard,SmartTV,2023-01-13
U02344,26,Argentina,Premium,Tablet,2023-03-05
U02345,23,Ecuador,Premium,SmartTV,2025-04-21
U02346,29,United States,Premium,Mobile,2025-02-09
U02347,24,United States,Premium,Mobile,2023-06-13
U02348,42,Peru,Standard,Mobile,2024-10-21
U02349,37,Spain,Premium,SmartTV,2025-11-24
U02350,49,Colombia,Standard,Mobile,2026-10-10
U02351,58,Ecuador,Standard,SmartTV,2025-10-21
U02352,43,Colombia,Basic,Tablet,2026-11-12
U02353,40,Chile,Premium,SmartTV,2025-11-11
U02354,44,Ecuador,Standard,SmartTV,2025-12-25
U02355,41,Ecuador,Premium,Tablet,2026-10-05
U02356,36,United States,Premium,SmartTV,2023-12-21
U02357,35,Chile,Standard,Mobile,2025-05-25
U02358,23,Spain,Standard,Desktop,2024-03-23
U02359,45,Colombia,Basic,SmartTV,2025-12-06
U02360,35,Ecuador,Standard,Desktop,2023-10-19
U02361,52,Spain,Standard,SmartTV,2023-12-22
U02362,46,Peru,Standard,Tablet,2025-10-13
U02363,27,Chile,Standard,SmartTV,2023-07-27
U02364,50,United States,Standard,Desktop,2025-10-22
U02365,18,Colombia,Standard,Mobile,2025-04-16
U02366,58,Chile,Basic,Tablet,2026-09-16
U02367,19,Mexico,Basic,Mobile,2024-10-08
U02368,41,Ecuador,Premium,Mobile,2023-02-20
U02369,40,Argentina,Standard,SmartTV,2024-08-20
U02370,48,Chile,Basic,SmartTV,2026-11-12
U02371,31,Ecuador,Standard,Desktop,2023-07-18
U02372,18,Peru,Standard,SmartTV,2023-09-22
U02373,31,Chile,Premium,SmartTV,2024-01-14
U02374,32,Mexico,Standard,Mobile,2025-07-14
U02375,18,United States,Standard,SmartTV,2024-08-08
U02376,36,Argentina,Standard,SmartTV,2024-09-25
U02377,22,Peru,Premium,Desktop,2023-09-09
U02378,43,United States,Standard,Tablet,2023-12-12
U02379,32,Spain,Standard,Mobile,2023-08-21
U02380,59,Ecuador,Basic,SmartTV,2023-05-18
U02381,32,Ecuador,Standard,SmartTV,2023-01-13
U02382,40,Colombia,Premium,SmartTV,2023-02-20
U02383,32,Ecuador,Basic,Mobile,2026-05-06
U02384,18,Chile,Standard,SmartTV,2026-08-09
U02385,33,Peru,Standard,Tablet,2025-02-19
U02386,44,United States,Premium,SmartTV,2023-09-13
U02387,42,Chile,Basic,Mobile,2023-08-19
U02388,31,Colombia,Premium,Mobile,2024-05-25
U02389,18,United States,Basic,SmartTV,2023-07-25
U02390,43,Chile,Premium,Mobile,2023-04-17
U02391,40,Ecuador,Premium,SmartTV,2024-01-05
U02392,45,Ecuador,Premium,Tablet,2023-01-18
U02393,32,Mexico,Premium,Tablet,2023-07-16
U02394,18,Chile,Premium,Desktop,2026-11-09
U02395,41,Mexico,Premium,SmartTV,2023-12-04
U02396,35,Spain,Standard,Desktop,2023-02-13
U02397,52,Mexico,Standard,Mobile,2025-01-09
U02398,35,Spain,Basic,SmartTV,2023-09-18
U02399,34,Argentina,Basic,Mobile,2024-12-16
U02400,40,Mexico,Standard,Mobile,2026-03-08
U02401,28,Ecuador,Basic,SmartTV,2024-01-22
U02402,27,Chile,Premium,SmartTV,2025-05-21
U02403,34,Peru,Basic,Tablet,2025-12-15
U02404,24,Chile,Basic,Desktop,2024-06-20
U02405,32,Peru,Basic,Tablet,2025-06-19
U02406,58,Mexico,Basic,Desktop,2024-03-23
U02407,48,Peru,Basic,Mobile,2023-06-05
U02408,39,Mexico,Standard,SmartTV,2024-03-07
U02409,54,Peru,Standard,SmartTV,2025-06-07
U02410,25,United States,Premium,SmartTV,2025-05-14
U02411,65,Peru,Standard,SmartTV,2023-10-07
U02412,29,Argentina,Standard,Desktop,2024-11-20
U02413,59,Mexico,Standard,Tablet,2024-08-07
U02414,59,Peru,Basic,Mobile,2023-03-03
U02415,18,Spain,Basic,SmartTV,2023-10-27
U02416,53,United States,Premium,Tablet,2023-12-04
U02417,32,Argentina,Standard,SmartTV,2026-02-18
U02418,28,United States,Basic,Tablet,2024-12-18
U02419,41,Peru,Standard,SmartTV,2026-07-03
U02420,23,United States,Standard,Mobile,2023-08-24
U02421,41,Spain,Basic,SmartTV,2026-11-27
U02422,24,Argentina,Basic,SmartTV,2024-02-26
U02423,37,Spain,Premium,Mobile,2024-09-20
U02424,51,Argentina,Standard,SmartTV,2026-11-05
U02425,40,Chile,Standard,Mobile,2023-08-16
U02426,31,Mexico,Basic,Desktop,2026-10-03
U02427,41,Peru,Basic,Tablet,2026-12-10
U02428,18,Mexico,Basic,Tablet,2024-02-10
U02429,25,Colombia,Standard,SmartTV,2026-03-04
U02430,30,Argentina,Premium,Desktop,2025-07-04
U02431,44,Chile,Premium,Desktop,2026-02-22
U02432,40,Peru,Basic,Mobile,2023-11-09
U02433,41,Ecuador,Basic,Desktop,2024-08-11
U02434,35,Colombia,Basic,SmartTV,2026-07-16
U02435,26,Mexico,Premium,SmartTV,2024-10-20
U02436,53,Peru,Standard,SmartTV,2024-07-04
U02437,27,Ecuador,Premium,Mobile,2023-08-09
U02438,40,Colombia,Standard,Tablet,2025-05-04
U02439,34,Peru,Standard,Desktop,2025-02-08
U02440,42,Colombia,Standard,Desktop,2025-03-01
U02441,28,Colombia,Standard,Desktop,2024-10-02
U02442,48,Argentina,Standard,Desktop,2024-05-01
U02443,52,Argentina,Basic,SmartTV,2024-08-21
U02444,47,United States,Standard,SmartTV,2023-05-20
U02445,37,Ecuador,Premium,SmartTV,2025-07-14
U02446,30,Colombia,Standard,Mobile,2025-08-10
U02447,69,Ecuador,Standard,Tablet,2025-11-22
U02448,23,Mexico,Premium,SmartTV,2025-01-08
U02449,46,Ecuador,Standard,Tablet,2025-10-04
U02450,39,Colombia,Standard,Mobile,2024-12-01
U02451,34,Mexico,Basic,Tablet,2023-04-18
U02452,37,Peru,Premium,SmartTV,2026-01-02
U02453,29,Chile,Premium,SmartTV,2025-04-18
U02454,40,Mexico,Premium,Mobile,2026-03-18
U02455,39,Spain,Basic,Desktop,2023-08-04
U02456,67,Peru,Premium,SmartTV,2025-01-06
U02457,48,Colombia,Standard,Desktop,2026-03-25
U02458,41,Chile,Standard,SmartTV,2026-10-08
U02459,42,Ecuador,Basic,SmartTV,2025-01-18
U02460,57,Ecuador,Basic,SmartTV,2023-11-08
U02461,23,Chile,Standard,Desktop,2023-07-11
U02462,33,Colombia,Standard,Tablet,2026-10-23
U02463,18,Ecuador,Premium,Desktop,2023-12-15
U02464,42,Mexico,Standard,SmartTV,2023-09-08
U02465,45,Spain,Premium,SmartTV,2023-08-18
U02466,23,Ecuador,Standard,Mobile,2025-12-23
U02467,52,Mexico,Basic,Desktop,2026-12-05
U02468,26,United States,Basic,SmartTV,2025-07-04
U02469,31,Colombia,Premium,SmartTV,2024-09-14
U02470,36,Argentina,Premium,Mobile,2023-04-05
U02471,54,Ecuador,Basic,Mobile,2023-08-04
U02472,25,United States,Standard,SmartTV,2026-08-08
U02473,38,Ecuador,Standard,Mobile,2024-03-27
U02474,44,Colombia,Standard,Mobile,2025-01-12
U02475,42,United States,Standard,SmartTV,2026-09-07
U02476,42,Mexico,Premium,Desktop,2023-06-15
U02477,44,Colombia,Standard,Mobile,2024-06-22
U02478,28,Spain,Basic,SmartTV,2023-09-17
U02479,55,United States,Basic,SmartTV,2025-03-27
U02480,34,Chile,Premium,SmartTV,2023-03-07
U02481,32,Ecuador,Standard,Mobile,2026-04-18
U02482,51,Colombia,Basic,SmartTV,2023-03-03
U02483,27,United States,Premium,Desktop,2026-03-16
U02484,39,Ecuador,Standard,SmartTV,2025-11-24
U02485,26,Colombia,Standard,Mobile,2023-03-05
U02486,65,Ecuador,Basic,Desktop,2025-08-24
U02487,63,Ecuador,Premium,SmartTV,2023-09-19
U02488,34,Chile,Standard,Mobile,2023-06-05
U02489,41,Peru,Standard,Tablet,2026-03-04
U02490,35,Ecuador,Standard,Tablet,2023-12-21
U02491,31,Ecuador,Standard,Desktop,2024-05-11
U02492,36,Ecuador,Standard,SmartTV,2026-03-05
U02493,35,Ecuador,Standard,SmartTV,2025-09-09
U02494,18,Ecuador,Standard,Mobile,2023-06-19
U02495,38,Argentina,Standard,Desktop,2024-06-24
U02496,34,Ecuador,Premium,Tablet,2026-01-23
U02497,39,Colombia,Standard,Mobile,2024-06-07
U02498,34,Mexico,Standard,SmartTV,2026-07-13
U02499,31,Argentina,Standard,SmartTV,2025-06-23
U02500,45,Mexico,Standard,Mobile,2023-01-04
U02501,41,United States,Premium,SmartTV,2025-11-16
U02502,52,Colombia,Premium,Tablet,2023-02-16
U02503,41,Ecuador,Standard,Mobile,2026-05-10
U02504,33,Ecuador,Standard,Mobile,2023-01-20
U02505,42,Ecuador,Standard,Desktop,2026-07-26
U02506,18,United States,Premium,SmartTV,2023-02-25
U02507,60,Mexico,Standard,SmartTV,2025-08-19
U02508,38,Spain,Standard,SmartTV,2024-07-01
U02509,61,United States,Standard,SmartTV,2024-03-08
U02510,25,Spain,Basic,Tablet,2023-11-26
U02511,22,Peru,Standard,Mobile,2023-03-26
U02512,39,Spain,Standard,SmartTV,2024-08-23
U02513,39,Peru,Standard,Desktop,2023-07-18
U02514,39,Ecuador,Basic,Mobile,2025-02-25
U02515,37,Chile,Basic,Desktop,2023-03-06
U02516,27,United States,Basic,Desktop,2026-06-03
U02517,18,Spain,Standard,Tablet,2025-07-02
U02518,38,Peru,Standard,SmartTV,2023-08-17
U02519,20,Spain,Standard,SmartTV,2025-05-16
U02520,18,Chile,Standard,Mobile,2024-09-21
U02521,30,Mexico,Premium,Mobile,2026-02-08
U02522,40,Peru,Premium,Tablet,2024-05-09
U02523,59,Colombia,Standard,SmartTV,2025-10-10
U02524,47,Colombia,Standard,SmartTV,2025-01-13
U02525,52,Spain,Premium,Mobile,2025-01-23
U02526,43,United States,Standard,Mobile,2024-07-13
U02527,39,Colombia,Basic,Tablet,2023-10-14
U02528,65,Ecuador,Standard,Mobile,2023-06-23
U02529,19,Ecuador,Basic,Mobile,2024-05-04
U02530,30,Argentina,Premium,SmartTV,2023-10-15
U02531,31,Chile,Standard,Tablet,2026-10-09
U02532,46,Mexico,Premium,Mobile,2023-05-11
U02533,23,Ecuador,Basic,SmartTV,2026-09-23
U02534,44,Ecuador,Standard,Desktop,2023-11-17
U02535,42,United States,Standard,SmartTV,2026-03-21
U02536,45,Mexico,Premium,Mobile,2024-08-20
U02537,45,Colombia,Premium,Tablet,2025-04-06
U02538,53,Colombia,Basic,SmartTV,2023-09-10
U02539,34,Colombia,Premium,Tablet,2023-04-11
U02540,41,Ecuador,Premium,SmartTV,2026-08-23
U02541,26,Ecuador,Premium,Tablet,2023-11-02
U02542,23,Argentina,Standard,SmartTV,2025-10-14
U02543,56,Colombia,Premium,SmartTV,2023-02-22
U02544,25,Peru,Basic,Mobile,2023-02-03
U02545,43,Chile,Standard,SmartTV,2025-11-17
U02546,41,Colombia,Basic,SmartTV,2024-04-19
U02547,49,Chile,Standard,SmartTV,2026-10-01
U02548,18,Spain,Premium,SmartTV,2025-09-06
U02549,46,Colombia,Standard,SmartTV,2024-09-12
U02550,34,Spain,Standard,SmartTV,2024-02-06
U02551,28,Colombia,Premium,SmartTV,2026-06-11
U02552,32,Colombia,Standard,SmartTV,2026-03-10
U02553,47,Ecuador,Standard,SmartTV,2026-09-15
U02554,44,Mexico,Standard,SmartTV,2024-01-20
U02555,33,Peru,Standard,SmartTV,2026-04-14
U02556,21,Argentina,Standard,SmartTV,2024-11-16
U02557,22,Ecuador,Premium,SmartTV,2025-03-12
U02558,44,Mexico,Standard,Mobile,2025-08-11
U02559,20,Ecuador,Standard,Desktop,2024-12-17
U02560,34,Colombia,Standard,SmartTV,2026-04-08
U02561,67,Mexico,Premium,Tablet,2023-10-05
U02562,41,Ecuador,Standard,Desktop,2025-07-13
U02563,44,Peru,Premium,Tablet,2024-05-06
U02564,22,Mexico,Standard,Desktop,2026-09-12
U02565,20,Argentina,Basic,Tablet,2025-08-04
U02566,45,Argentina,Standard,Tablet,2023-09-02
U02567,32,Ecuador,Basic,SmartTV,2024-02-13
U02568,49,Ecuador,Basic,Tablet,2023-11-10
U02569,37,Peru,Basic,SmartTV,2023-04-10
U02570,75,Colombia,Standard,Desktop,2023-12-04
U02571,29,Colombia,Standard,SmartTV,2023-10-19
U02572,40,Peru,Standard,Mobile,2026-11-17
U02573,25,Peru,Standard,Mobile,2023-08-27
U02574,49,Chile,Standard,Mobile,2026-07-13
U02575,41,Ecuador,Premium,SmartTV,2023-11-20
U02576,25,Colombia,Premium,SmartTV,2026-03-22
U02577,32,Colombia,Premium,SmartTV,2025-01-17
U02578,53,Colombia,Standard,Tablet,2026-05-02
U02579,51,Spain,Premium,Tablet,2023-04-23
U02580,19,Colombia,Premium,SmartTV,2023-01-11
U02581,31,Ecuador,Basic,Tablet,2023-06-07
U02582,58,Spain,Standard,Desktop,2023-03-16
U02583,34,Peru,Standard,SmartTV,2024-01-15
U02584,38,Colombia,Standard,Mobile,2024-12-26
U02585,49,Argentina,Standard,Mobile,2025-07-26
U02586,20,Mexico,Standard,Mobile,2024-01-01
U02587,25,United States,Basic,Mobile,2026-09-23
U02588,32,Spain,Standard,Tablet,2023-03-17
U02589,51,Mexico,Standard,SmartTV,2025-11-04
U02590,48,Ecuador,Standard,Tablet,2025-12-07
U02591,45,Chile,Standard,SmartTV,2023-09-24
U02592,35,Ecuador,Standard,SmartTV,2024-09-22
U02593,50,Chile,Premium,Desktop,2025-12-27
U02594,34,United States,Basic,Tablet,2024-05-12
U02595,43,Ecuador,Standard,Mobile,2023-10-17
U02596,47,Spain,Standard,SmartTV,2024-03-20
U02597,57,Chile,Basic,Tablet,2024-01-04
U02598,36,Ecuador,Premium,SmartTV,2026-04-23
U02599,32,Spain,Premium,SmartTV,2024-06-19
U02600,52,Chile,Standard,Desktop,2024-05-21
U02601,53,Peru,Standard,SmartTV,2024-06-15
U02602,30,Chile,Basic,Mobile,2023-08-05
U02603,23,Ecuador,Standard,Desktop,2026-03-11
U02604,51,Ecuador,Basic,Mobile,2023-10-05
U02605,18,Mexico,Standard,SmartTV,2024-01-20
U02606,18,United States,Basic,Tablet,2024-07-21
U02607,33,Mexico,Standard,SmartTV,2026-06-10
U02608,36,Spain,Premium,SmartTV,2026-08-04
U02609,22,Spain,Basic,SmartTV,2024-05-03
U02610,38,Ecuador,Premium,Mobile,2023-12-02
U02611,38,Argentina,Premium,SmartTV,2023-06-23
U02612,29,Argentina,Basic,Desktop,2024-02-26
U02613,59,Peru,Premium,SmartTV,2024-11-17
U02614,40,Peru,Standard,Tablet,2023-06-15
U02615,49,Argentina,Standard,Desktop,2024-10-26
U02616,18,United States,Standard,Desktop,2026-12-06
U02617,18,United States,Standard,Mobile,2025-11-18
U02618,41,Chile,Basic,SmartTV,2025-10-04
U02619,57,Spain,Standard,Mobile,2025-06-22
U02620,23,Chile,Standard,SmartTV,2024-12-14
U02621,37,Spain,Premium,Desktop,2023-08-26
U02622,20,Mexico,Standard,SmartTV,2023-05-06
U02623,26,United States,Standard,Tablet,2023-08-23
U02624,37,United States,Basic,Mobile,2025-10-01
U02625,29,Peru,Premium,SmartTV,2023-09-21
U02626,19,United States,Basic,Mobile,2024-08-01
U02627,19,Mexico,Premium,Mobile,2026-02-05
U02628,18,Colombia,Basic,SmartTV,2024-06-07
U02629,41,Ecuador,Basic,Desktop,2025-05-21
U02630,42,Mexico,Basic,Tablet,2024-03-18
U02631,42,Colombia,Standard,SmartTV,2026-05-22
U02632,24,Colombia,Standard,Tablet,2024-06-12
U02633,47,Mexico,Premium,Mobile,2026-09-01
U02634,43,Ecuador,Standard,SmartTV,2023-09-06
U02635,35,Peru,Basic,SmartTV,2026-02-05
U02636,33,Spain,Standard,Mobile,2023-02-17
U02637,27,Ecuador,Standard,SmartTV,2023-07-09
U02638,37,Mexico,Standard,Tablet,2024-09-07
U02639,54,Ecuador,Premium,Tablet,2026-01-05
U02640,49,Spain,Premium,Tablet,2026-02-13
U02641,32,Peru,Standard,Mobile,2023-01-04
U02642,41,Spain,Standard,Tablet,2024-12-10
U02643,22,Argentina,Standard,Tablet,2023-12-26
U02644,44,Spain,Standard,SmartTV,2024-02-26
U02645,25,Chile,Standard,Mobile,2023-09-05
U02646,43,Chile,Basic,SmartTV,2025-01-08
U02647,71,Ecuador,Basic,Mobile,2023-10-03
U02648,28,Chile,Premium,Mobile,2023-09-21
U02649,70,Chile,Premium,Tablet,2023-03-27
U02650,41,Mexico,Basic,Tablet,2023-01-10
U02651,26,Ecuador,Premium,Tablet,2024-10-14
U02652,25,Chile,Premium,Desktop,2026-06-23
U02653,63,Chile,Basic,SmartTV,2023-04-12
U02654,41,Mexico,Premium,SmartTV,2026-02-01
U02655,28,Mexico,Premium,SmartTV,2024-09-08
U02656,33,Peru,Standard,SmartTV,2024-05-12
U02657,40,Chile,Premium,Tablet,2024-07-25
U02658,35,Peru,Standard,SmartTV,2024-09-25
U02659,39,Argentina,Standard,SmartTV,2025-10-10
U02660,56,Spain,Standard,Mobile,2024-08-11
U02661,21,Colombia,Standard,SmartTV,2026-03-06
U02662,43,Colombia,Standard,SmartTV,2026-08-16
U02663,34,Mexico,Standard,SmartTV,2025-08-14
U02664,29,Argentina,Premium,Tablet,2025-11-19
U02665,48,Ecuador,Premium,Mobile,2025-03-06
U02666,18,Peru,Basic,Mobile,2025-01-10
U02667,18,Colombia,Standard,Tablet,2025-11-15
U02668,38,Argentina,Basic,SmartTV,2023-02-20
U02669,33,Ecuador,Standard,SmartTV,2024-09-15
U02670,19,Argentina,Basic,Tablet,2025-06-18
U02671,18,Mexico,Premium,SmartTV,2025-11-06
U02672,58,Spain,Standard,SmartTV,2023-05-19
U02673,41,United States,Standard,Mobile,2023-05-04
U02674,35,Chile,Standard,SmartTV,2023-04-09
U02675,61,Mexico,Basic,SmartTV,2026-01-05
U02676,47,Argentina,Basic,SmartTV,2023-08-25
U02677,56,Spain,Basic,SmartTV,2026-01-07
U02678,21,Chile,Standard,Mobile,2026-07-04
U02679,20,Ecuador,Premium,Desktop,2025-07-01
U02680,42,United States,Basic,SmartTV,2024-01-07
U02681,40,Ecuador,Premium,SmartTV,2025-01-01
U02682,50,United States,Basic,Mobile,2024-06-19
U02683,18,Colombia,Standard,Tablet,2023-09-25
U02684,43,Chile,Standard,Desktop,2024-08-05
U02685,47,United States,Premium,SmartTV,2023-07-10
U02686,46,Mexico,Premium,SmartTV,2023-02-14
U02687,30,Mexico,Standard,SmartTV,2025-10-12
U02688,41,Colombia,Standard,Desktop,2024-12-22
U02689,26,Colombia,Basic,Mobile,2024-08-17
U02690,31,Ecuador,Standard,Mobile,2026-09-06
U02691,22,Mexico,Premium,Mobile,2025-11-26
U02692,26,Peru,Standard,Mobile,2024-10-27
U02693,32,Colombia,Standard,SmartTV,2024-05-16
U02694,29,Peru,Basic,SmartTV,2024-01-01
U02695,26,United States,Basic,Mobile,2026-04-07
U02696,19,Spain,Premium,SmartTV,2026-08-18
U02697,59,Peru,Standard,Mobile,2026-03-27
U02698,29,United States,Premium,Tablet,2025-11-27
U02699,39,Chile,Standard,SmartTV,2025-08-15
U02700,18,Peru,Premium,SmartTV,2025-04-06
U02701,51,Peru,Basic,Desktop,2023-12-07
U02702,37,Spain,Basic,SmartTV,2024-05-07
U02703,30,Colombia,Standard,SmartTV,2024-06-18
U02704,30,Colombia,Basic,Tablet,2025-06-25
U02705,45,United States,Premium,Mobile,2026-02-25
U02706,18,Argentina,Premium,SmartTV,2025-08-06
U02707,25,Argentina,Standard,SmartTV,2026-11-05
U02708,34,Argentina,Standard,SmartTV,2023-07-09
U02709,33,Mexico,Standard,SmartTV,2025-06-19
U02710,65,Ecuador,Standard,Tablet,2023-08-22
U02711,31,Argentina,Basic,Desktop,2023-01-09
U02712,47,Colombia,Standard,Mobile,2024-12-09
U02713,57,Ecuador,Basic,Tablet,2025-08-02
U02714,43,United States,Premium,Mobile,2023-11-01
U02715,27,Ecuador,Standard,SmartTV,2025-08-27
U02716,20,Ecuador,Standard,Mobile,2025-02-16
U02717,44,Colombia,Premium,Mobile,2026-05-07
U02718,55,Spain,Standard,Desktop,2023-10-14
U02719,42,United States,Basic,Tablet,2023-11-13
U02720,50,Ecuador,Standard,Mobile,2024-04-09
U02721,66,Peru,Standard,Desktop,2024-06-11
U02722,45,Argentina,Standard,Desktop,2023-11-24
U02723,22,Mexico,Basic,Mobile,2025-03-02
U02724,36,Colombia,Basic,Mobile,2023-04-03
U02725,51,Colombia,Standard,Tablet,2023-11-02
U02726,32,Mexico,Standard,SmartTV,2023-11-23
U02727,53,Ecuador,Basic,Desktop,2026-04-22
U02728,34,Argentina,Premium,Mobile,2025-12-20
U02729,39,Colombia,Standard,Mobile,2025-11-25
U02730,31,Spain,Basic,Desktop,2025-10-20
U02731,37,Mexico,Standard,Desktop,2026-03-16
U02732,38,Mexico,Standard,Tablet,2023-04-03
U02733,18,Argentina,Standard,Mobile,2024-05-03
U02734,30,Ecuador,Standard,SmartTV,2023-11-01
U02735,20,Colombia,Standard,SmartTV,2024-05-27
U02736,30,Chile,Standard,Desktop,2024-11-07
U02737,25,Argentina,Standard,SmartTV,2024-04-09
U02738,47,Spain,Standard,SmartTV,2025-07-18
U02739,47,Peru,Standard,Mobile,2023-11-14
U02740,42,Spain,Standard,Tablet,2023-10-19
U02741,20,Colombia,Basic,Desktop,2026-08-25
U02742,34,Ecuador,Standard,Mobile,2023-12-21
U02743,19,Colombia,Basic,SmartTV,2026-06-24
U02744,33,United States,Standard,SmartTV,2023-05-13
U02745,43,Chile,Standard,Mobile,2023-09-01
U02746,47,Chile,Standard,Desktop,2025-04-12
U02747,41,Argentina,Basic,Tablet,2023-12-23
U02748,50,Ecuador,Standard,SmartTV,2024-05-27
U02749,38,Ecuador,Basic,SmartTV,2026-03-24
U02750,32,Ecuador,Basic,SmartTV,2025-10-03
U02751,45,Ecuador,Premium,SmartTV,2023-08-25
U02752,46,Chile,Basic,SmartTV,2023-06-11
U02753,29,Colombia,Basic,Mobile,2025-11-06
U02754,40,Spain,Standard,Desktop,2023-03-13
U02755,31,Spain,Standard,SmartTV,2024-02-19
U02756,18,United States,Premium,SmartTV,2023-01-14
U02757,40,Colombia,Premium,SmartTV,2023-04-17
U02758,19,Chile,Standard,SmartTV,2023-05-06
U02759,39,Ecuador,Basic,SmartTV,2026-04-07
U02760,18,Colombia,Standard,Desktop,2025-12-08
U02761,26,Mexico,Standard,SmartTV,2023-12-09
U02762,30,Peru,Standard,Tablet,2026-12-11
U02763,49,Mexico,Basic,SmartTV,2023-04-15
U02764,29,Spain,Basic,Tablet,2024-10-22
U02765,22,Ecuador,Basic,Tablet,2026-02-15
U02766,39,United States,Standard,Mobile,2024-02-10
U02767,32,Ecuador,Standard,SmartTV,2026-02-14
U02768,44,United States,Premium,SmartTV,2023-05-27
U02769,23,Mexico,Basic,SmartTV,2026-10-12
U02770,38,Ecuador,Premium,SmartTV,2024-07-19
U02771,65,Peru,Basic,Desktop,2026-02-14
U02772,32,Colombia,Basic,Mobile,2024-11-09
U02773,37,Spain,Standard,Desktop,2024-09-04
U02774,18,Colombia,Basic,Mobile,2025-03-03
U02775,25,Spain,Premium,SmartTV,2024-01-23
U02776,41,Colombia,Premium,Mobile,2024-03-08
U02777,31,United States,Basic,Mobile,2026-12-04
U02778,42,Colombia,Basic,SmartTV,2026-05-02
U02779,40,Mexico,Basic,SmartTV,2024-07-18
U02780,19,Spain,Premium,SmartTV,2024-04-15
U02781,47,Colombia,Basic,Mobile,2023-10-16
U02782,20,Ecuador,Premium,Tablet,2023-01-22
U02783,26,Mexico,Standard,Mobile,2025-01-14
U02784,38,Mexico,Standard,SmartTV,2023-02-14
U02785,54,Spain,Basic,Tablet,2025-09-08
U02786,23,Colombia,Premium,Tablet,2025-03-03
U02787,37,Spain,Standard,SmartTV,2023-02-20
U02788,37,United States,Basic,Desktop,2023-11-07
U02789,43,Argentina,Basic,SmartTV,2025-10-20
U02790,49,Ecuador,Standard,SmartTV,2023-12-04
U02791,30,Ecuador,Standard,SmartTV,2024-04-17
U02792,47,United States,Premium,Desktop,2024-05-18
U02793,51,Argentina,Standard,Tablet,2025-02-26
U02794,56,Mexico,Premium,Tablet,2024-07-05
U02795,41,United States,Basic,SmartTV,2023-12-05
U02796,37,Ecuador,Premium,Tablet,2024-08-24
U02797,29,Argentina,Premium,SmartTV,2024-12-05
U02798,18,Mexico,Standard,Mobile,2024-01-27
U02799,32,Spain,Premium,SmartTV,2023-03-22
U02800,36,Argentina,Standard,SmartTV,2026-12-11
U02801,34,Chile,Standard,SmartTV,2025-08-12
U02802,42,Ecuador,Basic,Desktop,2023-07-12
U02803,18,United States,Standard,SmartTV,2023-11-20
U02804,33,Argentina,Standard,Mobile,2026-08-09
U02805,59,Peru,Premium,SmartTV,2025-12-07
U02806,47,United States,Premium,Tablet,2023-03-18
U02807,42,Colombia,Standard,Mobile,2023-05-22
U02808,40,Peru,Premium,SmartTV,2023-04-23
U02809,31,United States,Premium,Mobile,2024-10-10
U02810,18,Mexico,Premium,SmartTV,2025-04-14
U02811,40,Spain,Basic,Tablet,2023-02-23
U02812,18,United States,Standard,Mobile,2024-08-03
U02813,31,Chile,Standard,Mobile,2024-12-16
U02814,35,Colombia,Premium,Tablet,2025-11-23
U02815,30,Spain,Standard,Mobile,2024-07-07
U02816,61,Chile,Premium,Desktop,2023-11-03
U02817,57,Mexico,Premium,SmartTV,2025-07-03
U02818,47,Chile,Standard,Mobile,2025-11-17
U02819,24,Ecuador,Premium,Mobile,2026-06-03
U02820,58,Ecuador,Standard,SmartTV,2023-12-25
U02821,42,Mexico,Standard,SmartTV,2025-01-13
U02822,24,Spain,Standard,Desktop,2025-01-25
U02823,35,Chile,Premium,SmartTV,2023-11-25
U02824,47,Colombia,Premium,Desktop,2023-11-27
U02825,28,Peru,Premium,SmartTV,2023-02-08
U02826,37,Argentina,Standard,Tablet,2023-08-22
U02827,39,Ecuador,Standard,SmartTV,2026-12-09
U02828,22,Mexico,Premium,SmartTV,2024-04-08
U02829,32,Argentina,Premium,SmartTV,2023-04-22
U02830,23,Peru,Premium,SmartTV,2023-04-27
U02831,45,Mexico,Standard,SmartTV,2026-11-04
U02832,24,United States,Standard,Desktop,2024-02-27
U02833,39,Colombia,Basic,SmartTV,2026-04-20
U02834,18,Ecuador,Premium,Mobile,2023-08-02
U02835,21,Ecuador,Standard,Tablet,2026-06-11
U02836,21,Argentina,Premium,SmartTV,2025-12-20
U02837,32,United States,Basic,Desktop,2024-02-04
U02838,37,Mexico,Premium,Desktop,2024-12-24
U02839,39,United States,Standard,Tablet,2024-01-02
U02840,18,Argentina,Basic,Desktop,2026-03-19
U02841,33,Colombia,Standard,SmartTV,2024-11-23
U02842,26,Colombia,Standard,SmartTV,2024-01-27
U02843,41,Mexico,Premium,Tablet,2026-06-08
U02844,32,Mexico,Standard,Desktop,2024-05-08
U02845,34,Chile,Standard,SmartTV,2025-03-18
U02846,26,Chile,Basic,Desktop,2024-12-27
U02847,56,Peru,Premium,Tablet,2024-03-22
U02848,20,Peru,Premium,Mobile,2025-03-14
U02849,30,Mexico,Premium,SmartTV,2023-08-18
U02850,36,Argentina,Basic,SmartTV,2025-11-04
U02851,32,Spain,Premium,Tablet,2026-10-13
U02852,26,Colombia,Standard,Mobile,2024-06-23
U02853,18,Spain,Premium,Mobile,2024-07-17
U02854,27,Colombia,Basic,SmartTV,2025-03-02
U02855,23,Colombia,Basic,Desktop,2024-03-07
U02856,55,Spain,Basic,Desktop,2023-10-18
U02857,62,United States,Premium,Mobile,2023-09-27
U02858,34,United States,Standard,Tablet,2024-08-09
U02859,18,Ecuador,Standard,SmartTV,2026-03-14
U02860,44,Colombia,Standard,SmartTV,2025-04-19
U02861,23,Argentina,Premium,Tablet,2026-03-04
U02862,28,Spain,Standard,SmartTV,2023-05-27
U02863,27,Chile,Basic,SmartTV,2023-12-20
U02864,29,Ecuador,Premium,Mobile,2025-08-15
U02865,31,Chile,Standard,SmartTV,2026-04-27
U02866,19,Ecuador,Standard,SmartTV,2023-04-17
U02867,27,Colombia,Standard,Mobile,2025-07-09
U02868,47,Mexico,Standard,Tablet,2026-07-13
U02869,35,Ecuador,Basic,Desktop,2023-04-24
U02870,37,Argentina,Standard,SmartTV,2026-11-03
U02871,18,Mexico,Standard,SmartTV,2025-06-06
U02872,46,Peru,Standard,Tablet,2023-03-08
U02873,27,Peru,Standard,Mobile,2026-07-04
U02874,48,United States,Basic,Desktop,2023-04-20
U02875,37,Mexico,Standard,SmartTV,2024-06-05
U02876,28,United States,Standard,Tablet,2023-02-22
U02877,18,Peru,Basic,SmartTV,2025-10-21
U02878,61,Mexico,Standard,Desktop,2023-12-13
U02879,45,United States,Standard,Tablet,2026-06-08
U02880,45,Ecuador,Standard,SmartTV,2023-02-11
U02881,57,Colombia,Standard,Mobile,2024-08-06
U02882,38,United States,Standard,Mobile,2026-04-14
U02883,51,Peru,Standard,SmartTV,2025-05-04
U02884,29,Colombia,Standard,SmartTV,2025-01-15
U02885,44,United States,Premium,Mobile,2026-03-12
U02886,27,Ecuador,Standard,SmartTV,2026-07-09
U02887,29,Mexico,Standard,Tablet,2025-07-26
U02888,36,Spain,Basic,SmartTV,2025-01-20
U02889,20,Spain,Standard,SmartTV,2026-04-25
U02890,39,Peru,Premium,Mobile,2023-02-06
U02891,31,Ecuador,Basic,Desktop,2025-11-27
U02892,18,Spain,Basic,Tablet,2024-08-09
U02893,30,Spain,Standard,SmartTV,2024-10-02
U02894,31,Colombia,Standard,Desktop,2023-03-05
U02895,45,Peru,Premium,SmartTV,2023-05-20
U02896,38,Chile,Basic,Mobile,2024-12-05
U02897,52,Ecuador,Premium,Desktop,2024-09-09
U02898,41,Spain,Standard,Mobile,2024-02-09
U02899,28,United States,Premium,Tablet,2023-07-19
U02900,34,Colombia,Standard,SmartTV,2023-07-06
U02901,31,United States,Standard,SmartTV,2023-02-09
U02902,41,Spain,Basic,SmartTV,2023-08-10
U02903,36,Argentina,Premium,Tablet,2023-02-02
U02904,27,United States,Basic,Mobile,2026-04-09
U02905,35,Colombia,Basic,Mobile,2023-08-15
U02906,41,United States,Standard,Tablet,2023-01-21
U02907,23,Ecuador,Premium,Tablet,2023-07-13
U02908,39,Chile,Standard,Mobile,2026-07-05
U02909,18,Mexico,Standard,Mobile,2023-11-17
U02910,48,Ecuador,Standard,SmartTV,2026-07-11
U02911,41,Argentina,Premium,Mobile,2025-04-05
U02912,55,Chile,Premium,SmartTV,2025-12-07
U02913,22,Chile,Standard,SmartTV,2025-02-03
U02914,49,Mexico,Basic,SmartTV,2024-01-07
U02915,46,Ecuador,Basic,SmartTV,2025-08-21
U02916,33,Colombia,Standard,SmartTV,2026-03-27
U02917,30,Colombia,Standard,Tablet,2024-10-19
U02918,22,United States,Standard,SmartTV,2023-02-25
U02919,19,Argentina,Standard,SmartTV,2025-04-12
U02920,26,Chile,Standard,Tablet,2024-08-21
U02921,20,Mexico,Standard,SmartTV,2026-02-22
U02922,54,Mexico,Basic,Mobile,2024-05-11
U02923,18,Colombia,Premium,Mobile,2026-01-18
U02924,37,Ecuador,Premium,Desktop,2024-08-17
U02925,40,Mexico,Standard,Mobile,2025-11-20
U02926,39,Colombia,Standard,SmartTV,2025-10-24
U02927,40,Spain,Premium,Mobile,2026-09-12
U02928,46,Colombia,Premium,SmartTV,2023-09-16
U02929,30,Mexico,Standard,Tablet,2025-07-15
U02930,36,Peru,Basic,Mobile,2026-10-03
U02931,31,Argentina,Premium,SmartTV,2023-02-24
U02932,51,United States,Standard,Tablet,2026-05-12
U02933,60,Peru,Standard,Mobile,2023-01-12
U02934,21,Ecuador,Standard,Desktop,2024-03-15
U02935,18,Mexico,Premium,Mobile,2023-05-09
U02936,42,Ecuador,Standard,SmartTV,2025-05-17
U02937,48,Ecuador,Standard,SmartTV,2025-02-11
U02938,58,Mexico,Standard,Tablet,2024-09-10
U02939,44,Ecuador,Standard,SmartTV,2026-11-11
U02940,52,Ecuador,Standard,SmartTV,2025-10-15
U02941,55,Peru,Standard,Tablet,2026-10-10
U02942,53,Chile,Standard,Mobile,2024-07-23
U02943,46,United States,Premium,SmartTV,2023-04-17
U02944,20,Colombia,Standard,SmartTV,2024-04-27
U02945,35,Peru,Standard,SmartTV,2025-07-01
U02946,39,Argentina,Standard,SmartTV,2026-07-19
U02947,34,Spain,Standard,Mobile,2025-07-07
U02948,35,Peru,Basic,SmartTV,2023-04-17
U02949,54,Mexico,Standard,SmartTV,2024-08-24
U02950,26,Mexico,Standard,SmartTV,2023-04-18
U02951,45,Colombia,Standard,Tablet,2023-08-18
U02952,39,Ecuador,Basic,SmartTV,2023-10-11
U02953,25,Mexico,Standard,Tablet,2023-04-17
U02954,22,Colombia,Basic,Mobile,2024-09-21
U02955,18,Colombia,Standard,Mobile,2023-01-16
U02956,41,Mexico,Standard,Desktop,2025-05-01
U02957,34,Ecuador,Premium,Mobile,2023-06-09
U02958,25,Colombia,Standard,SmartTV,2025-05-26
U02959,18,Peru,Premium,Desktop,2023-09-19
U02960,40,Spain,Premium,SmartTV,2025-05-19
U02961,33,Argentina,Premium,Tablet,2024-10-27
U02962,26,Colombia,Premium,SmartTV,2024-06-23
U02963,23,Colombia,Basic,SmartTV,2023-01-22
U02964,32,United States,Standard,Tablet,2026-01-25
U02965,41,Mexico,Standard,SmartTV,2024-01-23
U02966,31,Mexico,Standard,SmartTV,2023-10-19
U02967,21,Ecuador,Standard,Mobile,2024-08-18
U02968,34,Ecuador,Standard,SmartTV,2024-01-01
U02969,48,Colombia,Basic,Mobile,2023-12-02
U02970,35,Spain,Basic,Mobile,2024-10-23
U02971,36,United States,Standard,Mobile,2025-05-22
U02972,31,Colombia,Standard,SmartTV,2026-09-11
U02973,24,Argentina,Premium,Mobile,2024-02-14
U02974,24,Spain,Standard,SmartTV,2023-11-17
U02975,18,Spain,Basic,SmartTV,2025-01-17
U02976,49,Chile,Basic,Desktop,2025-05-04
U02977,41,Colombia,Standard,Desktop,2025-12-06
U02978,36,United States,Standard,Tablet,2026-04-07
U02979,39,Colombia,Premium,Tablet,2024-07-14
U02980,39,Colombia,Standard,Tablet,2023-09-10
U02981,26,Colombia,Premium,SmartTV,2023-01-16
U02982,31,Chile,Standard,Desktop,2026-12-09
U02983,29,Ecuador,Standard,Mobile,2024-03-24
U02984,65,Mexico,Standard,SmartTV,2024-03-23
U02985,47,United States,Basic,Tablet,2024-11-12
U02986,37,Chile,Basic,Mobile,2023-08-04
U02987,51,United States,Standard,Mobile,2025-05-23
U02988,50,United States,Standard,SmartTV,2023-10-25
U02989,18,Spain,Basic,SmartTV,2024-05-12
U02990,32,Mexico,Standard,SmartTV,2026-08-25
U02991,35,United States,Standard,Tablet,2024-02-08
U02992,42,Mexico,Basic,SmartTV,2023-12-08
U02993,32,Colombia,Standard,Tablet,2026-02-09
U02994,34,United States,Basic,Desktop,2025-11-06
U02995,29,Chile,Standard,SmartTV,2024-09-10
U02996,48,United States,Standard,Mobile,2024-01-16
U02997,18,Peru,Standard,Desktop,2026-07-25
U02998,30,Peru,Standard,Mobile,2025-11-05
U02999,18,Argentina,Standard,Mobile,2026-07-25
U03000,23,Mexico,Basic,Desktop,2026-08-13
U03001,39,Peru,Standard,SmartTV,2023-04-21
U03002,39,Spain,Standard,Mobile,2024-06-10
U03003,31,Chile,Basic,Mobile,2024-06-16
U03004,48,Ecuador,Standard,SmartTV,2024-01-19
U03005,51,Mexico,Basic,Mobile,2025-07-14
U03006,34,Ecuador,Standard,Mobile,2023-02-26
U03007,38,Chile,Standard,Tablet,2024-07-13
U03008,30,Colombia,Premium,SmartTV,2024-10-10
U03009,43,Colombia,Premium,SmartTV,2025-05-01
U03010,21,United States,Standard,Mobile,2026-05-03
U03011,57,Ecuador,Premium,SmartTV,2026-06-17
U03012,49,Argentina,Standard,Mobile,2023-04-16
U03013,21,Mexico,Standard,SmartTV,2024-01-26
U03014,26,Colombia,Premium,SmartTV,2025-06-14
U03015,40,United States,Premium,Tablet,2024-09-27
U03016,31,Colombia,Premium,SmartTV,2025-01-14
U03017,42,Chile,Premium,Desktop,2024-07-09
U03018,31,Spain,Standard,SmartTV,2025-04-16
U03019,53,Argentina,Premium,SmartTV,2026-12-15
U03020,35,Colombia,Standard,SmartTV,2025-11-13
U03021,64,Spain,Basic,SmartTV,2025-06-12
U03022,42,United States,Basic,SmartTV,2026-06-09
U03023,19,Chile,Standard,Desktop,2025-11-25
U03024,60,Mexico,Basic,SmartTV,2025-06-10
U03025,48,Peru,Basic,Mobile,2025-07-06
U03026,40,Peru,Standard,SmartTV,2023-06-22
U03027,43,Chile,Standard,SmartTV,2026-09-01
U03028,21,Colombia,Basic,SmartTV,2026-11-13
U03029,18,Mexico,Standard,Desktop,2026-03-22
U03030,34,Ecuador,Standard,SmartTV,2026-07-23
U03031,52,Ecuador,Premium,SmartTV,2026-05-17
U03032,40,Peru,Standard,Mobile,2023-03-11
U03033,56,Ecuador,Standard,Desktop,2025-12-05
U03034,51,Mexico,Premium,Mobile,2026-08-06
U03035,35,Chile,Premium,Desktop,2026-05-14
U03036,49,Ecuador,Standard,SmartTV,2026-07-26
U03037,53,Colombia,Basic,Desktop,2024-06-19
U03038,34,Ecuador,Standard,Desktop,2023-03-22
U03039,32,Mexico,Premium,Desktop,2026-02-08
U03040,37,Colombia,Premium,Desktop,2023-04-12
U03041,18,Argentina,Premium,Mobile,2023-11-23
U03042,38,Mexico,Premium,Tablet,2023-06-26
U03043,44,Peru,Standard,SmartTV,2026-04-25
U03044,37,Ecuador,Basic,SmartTV,2025-02-08
U03045,39,Colombia,Basic,Mobile,2026-04-19
U03046,34,Colombia,Basic,Tablet,2026-10-11
U03047,18,Peru,Basic,SmartTV,2023-02-27
U03048,55,United States,Basic,SmartTV,2026-08-06
U03049,31,Ecuador,Standard,SmartTV,2025-04-01
U03050,28,Colombia,Premium,Desktop,2025-11-10
U03051,51,Spain,Basic,Tablet,2024-09-07
U03052,47,United States,Premium,Mobile,2023-10-13
U03053,38,Chile,Premium,SmartTV,2023-05-13
U03054,44,Chile,Basic,Tablet,2025-12-20
U03055,21,Ecuador,Basic,SmartTV,2025-12-07
U03056,34,Spain,Standard,Tablet,2023-11-23
U03057,51,Mexico,Premium,Mobile,2026-08-27
U03058,27,Chile,Standard,SmartTV,2026-05-18
U03059,23,Colombia,Basic,Desktop,2026-04-13
U03060,36,Peru,Standard,Desktop,2026-09-26
U03061,36,Argentina,Premium,SmartTV,2026-07-12
U03062,43,Ecuador,Standard,SmartTV,2024-08-08
U03063,18,Chile,Standard,SmartTV,2024-04-23
U03064,18,Ecuador,Standard,Desktop,2025-01-07
U03065,46,Argentina,Basic,Desktop,2025-11-11
U03066,22,Colombia,Premium,Mobile,2025-12-10
U03067,28,United States,Basic,SmartTV,2024-11-20
U03068,18,Chile,Premium,Mobile,2025-01-21
U03069,47,Chile,Standard,SmartTV,2024-05-19
U03070,39,Peru,Basic,Tablet,2023-11-13
U03071,39,Chile,Standard,Tablet,2025-08-19
U03072,39,Peru,Basic,SmartTV,2026-10-09
U03073,18,Peru,Basic,Mobile,2026-05-09
U03074,23,Colombia,Standard,SmartTV,2025-07-23
U03075,30,Peru,Premium,SmartTV,2025-07-24
U03076,26,Spain,Premium,Mobile,2026-05-08
U03077,32,Colombia,Standard,Tablet,2026-09-26
U03078,38,Spain,Standard,Desktop,2024-02-02
U03079,47,Spain,Premium,Desktop,2024-05-23
U03080,18,Mexico,Standard,SmartTV,2026-07-23
U03081,35,Ecuador,Basic,Tablet,2024-03-02
U03082,44,Mexico,Standard,SmartTV,2024-05-11
U03083,24,Spain,Standard,Mobile,2023-11-03
U03084,33,Peru,Standard,SmartTV,2023-12-06
U03085,41,Colombia,Standard,Tablet,2025-07-11
U03086,35,Colombia,Standard,SmartTV,2024-04-17
U03087,43,Peru,Standard,Mobile,2026-06-21
U03088,36,Ecuador,Standard,SmartTV,2025-07-21
U03089,31,Colombia,Standard,SmartTV,2025-01-19
U03090,21,Mexico,Standard,Mobile,2024-01-16
U03091,38,Chile,Premium,SmartTV,2024-02-11
U03092,36,Colombia,Basic,SmartTV,2023-07-10
U03093,23,United States,Standard,SmartTV,2024-05-16
U03094,42,Colombia,Standard,Mobile,2024-04-03
U03095,50,Ecuador,Standard,Desktop,2024-08-11
U03096,27,Colombia,Standard,SmartTV,2025-05-09
U03097,26,Colombia,Standard,Mobile,2023-01-03
U03098,26,Chile,Standard,Desktop,2024-04-06
U03099,18,Ecuador,Standard,SmartTV,2024-04-16
U03100,59,Spain,Standard,Mobile,2026-12-18
U03101,30,Spain,Standard,SmartTV,2023-08-11
U03102,25,Colombia,Premium,Tablet,2026-01-08
U03103,21,Argentina,Premium,SmartTV,2026-07-15
U03104,30,Mexico,Standard,Desktop,2023-06-07
U03105,27,Spain,Basic,Desktop,2026-08-27
U03106,52,Colombia,Premium,SmartTV,2026-03-09
U03107,20,Mexico,Standard,SmartTV,2025-07-07
U03108,18,Ecuador,Standard,Tablet,2024-02-19
U03109,42,Ecuador,Premium,SmartTV,2026-03-12
U03110,34,Spain,Standard,Desktop,2024-06-06
U03111,32,Colombia,Standard,Desktop,2024-02-02
U03112,42,Peru,Basic,SmartTV,2026-07-01
U03113,37,Colombia,Premium,Desktop,2025-04-08
U03114,34,Spain,Standard,SmartTV,2024-02-08
U03115,18,Peru,Premium,Desktop,2024-05-15
U03116,18,Ecuador,Basic,SmartTV,2025-06-26
U03117,27,Mexico,Basic,SmartTV,2024-01-16
U03118,22,Colombia,Basic,SmartTV,2026-05-08
U03119,38,Colombia,Premium,Desktop,2026-02-26
U03120,18,Mexico,Basic,Tablet,2026-07-16
U03121,30,United States,Premium,SmartTV,2025-08-13
U03122,33,Argentina,Standard,SmartTV,2025-06-27
U03123,35,Ecuador,Premium,SmartTV,2023-11-22
U03124,40,Colombia,Standard,SmartTV,2024-01-05
U03125,31,Spain,Standard,SmartTV,2025-01-22
U03126,27,Colombia,Basic,Mobile,2025-11-23
U03127,50,Argentina,Standard,Desktop,2024-04-25
U03128,31,Chile,Standard,Tablet,2025-01-22
U03129,52,United States,Basic,SmartTV,2023-06-13
U03130,31,Peru,Premium,SmartTV,2026-12-02
U03131,35,United States,Basic,Tablet,2024-10-22
U03132,33,Peru,Standard,Desktop,2025-09-23
U03133,38,Argentina,Standard,Tablet,2025-12-26
U03134,30,Colombia,Standard,Desktop,2024-07-17
U03135,36,Chile,Basic,Mobile,2026-07-19
U03136,53,Colombia,Premium,SmartTV,2023-08-10
U03137,48,Ecuador,Basic,SmartTV,2025-08-21
U03138,48,Peru,Standard,SmartTV,2024-10-21
U03139,19,Ecuador,Basic,Mobile,2026-02-08
U03140,21,United States,Basic,SmartTV,2025-07-16
U03141,38,Spain,Standard,SmartTV,2023-04-14
U03142,44,Argentina,Premium,SmartTV,2024-09-23
U03143,29,Chile,Standard,Desktop,2024-06-03
U03144,27,Colombia,Standard,Desktop,2024-09-23
U03145,52,Colombia,Basic,SmartTV,2025-10-09
U03146,43,Colombia,Premium,Mobile,2026-07-05
U03147,48,Mexico,Basic,SmartTV,2024-03-12
U03148,30,Spain,Standard,Mobile,2025-12-23
U03149,29,Colombia,Basic,SmartTV,2023-02-22
U03150,46,Ecuador,Basic,Tablet,2025-06-25
U03151,32,Ecuador,Basic,SmartTV,2026-04-21
U03152,28,Chile,Basic,SmartTV,2023-03-09
U03153,24,Ecuador,Standard,Mobile,2026-03-17
U03154,29,Peru,Standard,SmartTV,2024-08-25
U03155,46,Ecuador,Premium,SmartTV,2026-06-20
U03156,18,Ecuador,Basic,Tablet,2026-03-04
U03157,43,Argentina,Standard,SmartTV,2025-02-27
U03158,27,United States,Standard,Mobile,2023-12-07
U03159,32,Colombia,Basic,Mobile,2026-08-15
U03160,33,Colombia,Basic,SmartTV,2023-12-08
U03161,32,Colombia,Basic,SmartTV,2024-04-09
U03162,32,Spain,Basic,Mobile,2026-02-18
U03163,30,Chile,Standard,SmartTV,2025-12-01
U03164,28,Mexico,Basic,Mobile,2024-07-09
U03165,51,Chile,Standard,Mobile,2026-03-26
U03166,35,United States,Standard,Tablet,2024-08-27
U03167,33,Ecuador,Standard,SmartTV,2023-09-09
U03168,27,Ecuador,Basic,Mobile,2025-03-10
U03169,30,Peru,Standard,Tablet,2026-08-06
U03170,27,Chile,Standard,Tablet,2026-08-06
U03171,44,Ecuador,Premium,Tablet,2023-06-13
U03172,26,United States,Basic,SmartTV,2026-08-16
U03173,18,Mexico,Basic,Tablet,2025-12-01
U03174,36,United States,Premium,Mobile,2023-03-02
U03175,32,United States,Standard,Tablet,2026-12-07
U03176,28,Chile,Basic,Desktop,2024-04-17
U03177,46,Spain,Premium,Mobile,2025-02-12
U03178,18,Argentina,Standard,Mobile,2023-01-13
U03179,54,Peru,Standard,Mobile,2025-01-07
U03180,48,Mexico,Basic,SmartTV,2025-07-01
U03181,27,United States,Standard,Tablet,2026-10-26
U03182,30,Argentina,Standard,Mobile,2023-10-13
U03183,41,Argentina,Premium,SmartTV,2024-09-23
U03184,41,Colombia,Standard,SmartTV,2024-04-17
U03185,27,Spain,Standard,Mobile,2023-09-03
U03186,18,Peru,Premium,SmartTV,2025-12-17
U03187,60,Mexico,Premium,Mobile,2026-03-23
U03188,46,Mexico,Basic,Desktop,2025-03-15
U03189,37,Chile,Standard,SmartTV,2026-12-22
U03190,37,Ecuador,Standard,Tablet,2026-02-27
U03191,42,Mexico,Premium,Mobile,2024-11-20
U03192,44,Colombia,Premium,Desktop,2025-08-05
U03193,18,Colombia,Standard,SmartTV,2025-09-12
U03194,31,Ecuador,Standard,SmartTV,2024-03-05
U03195,30,Mexico,Basic,Tablet,2025-03-19
U03196,33,Ecuador,Standard,SmartTV,2024-12-05
U03197,44,Peru,Standard,SmartTV,2025-05-03
U03198,18,United States,Standard,SmartTV,2024-03-11
U03199,19,Chile,Standard,Mobile,2026-06-12
U03200,27,United States,Standard,SmartTV,2025-04-24
U03201,37,Chile,Standard,Desktop,2024-01-24
U03202,45,Ecuador,Premium,SmartTV,2023-03-10
U03203,55,Argentina,Standard,Desktop,2023-02-16
U03204,32,Peru,Premium,Desktop,2026-10-18
U03205,45,United States,Standard,Tablet,2025-08-08
U03206,44,Colombia,Standard,Tablet,2026-07-13
U03207,42,Spain,Standard,SmartTV,2023-03-27
U03208,35,Chile,Standard,SmartTV,2024-12-11
U03209,30,Spain,Premium,Tablet,2023-09-05
U03210,22,Colombia,Basic,Mobile,2026-03-14
U03211,21,Mexico,Premium,SmartTV,2026-06-03
U03212,39,Ecuador,Premium,Desktop,2025-05-20
U03213,34,Spain,Standard,SmartTV,2025-08-15
U03214,30,Colombia,Basic,Mobile,2025-12-19
U03215,43,Peru,Basic,SmartTV,2026-05-10
U03216,33,Mexico,Basic,Mobile,2024-09-18
U03217,24,Chile,Basic,SmartTV,2024-04-05
U03218,32,Argentina,Basic,SmartTV,2026-12-06
U03219,45,Mexico,Premium,Mobile,2023-01-17
U03220,23,Ecuador,Standard,Tablet,2023-08-01
U03221,38,Argentina,Premium,Mobile,2023-06-04
U03222,34,Peru,Standard,SmartTV,2024-07-23
U03223,26,Mexico,Standard,SmartTV,2024-12-12
U03224,31,Colombia,Premium,Mobile,2025-09-09
U03225,18,Peru,Standard,SmartTV,2024-02-11
U03226,36,Spain,Standard,SmartTV,2024-11-11
U03227,19,United States,Premium,SmartTV,2023-04-24
U03228,48,United States,Premium,SmartTV,2026-01-24
U03229,34,Argentina,Standard,SmartTV,2023-02-21
U03230,28,Ecuador,Premium,Desktop,2025-11-03
U03231,49,Peru,Standard,Mobile,2026-08-21
U03232,23,Colombia,Standard,Tablet,2023-07-27
U03233,26,Mexico,Standard,SmartTV,2023-05-13
U03234,18,Ecuador,Standard,Desktop,2023-12-05
U03235,51,United States,Standard,Mobile,2026-05-16
U03236,57,Colombia,Basic,SmartTV,2023-07-21
U03237,18,Ecuador,Basic,SmartTV,2026-03-25
U03238,25,Spain,Premium,Mobile,2026-08-25
U03239,36,Colombia,Premium,Tablet,2025-11-10
U03240,29,Ecuador,Premium,Tablet,2026-08-04
U03241,35,Chile,Standard,Tablet,2023-07-12
U03242,34,United States,Premium,SmartTV,2023-02-17
U03243,40,Colombia,Standard,Desktop,2026-01-14
U03244,23,Peru,Standard,Mobile,2025-10-12
U03245,37,Colombia,Standard,Desktop,2025-07-03
U03246,22,Mexico,Standard,SmartTV,2023-05-18
U03247,30,Colombia,Standard,Mobile,2024-05-11
U03248,18,Mexico,Standard,SmartTV,2024-11-02
U03249,30,Chile,Premium,SmartTV,2025-09-12
U03250,28,United States,Basic,SmartTV,2024-08-25
U03251,46,Mexico,Basic,Mobile,2025-12-06
U03252,34,Mexico,Standard,Tablet,2025-09-04
U03253,36,Chile,Basic,SmartTV,2023-05-20
U03254,35,Colombia,Premium,SmartTV,2023-09-08
U03255,18,Colombia,Standard,Tablet,2026-05-20
U03256,18,Chile,Standard,Mobile,2026-03-24
U03257,31,Colombia,Standard,Tablet,2024-10-18
U03258,38,Ecuador,Standard,SmartTV,2024-03-19
U03259,32,Peru,Basic,Tablet,2024-02-01
U03260,25,Ecuador,Standard,Desktop,2023-12-21
U03261,32,Colombia,Standard,Mobile,2023-12-17
U03262,31,Chile,Standard,Mobile,2026-04-21
U03263,44,Spain,Premium,SmartTV,2024-06-06
U03264,44,Colombia,Standard,Mobile,2026-09-16
U03265,28,Spain,Standard,Desktop,2024-03-26
U03266,34,Ecuador,Standard,Tablet,2023-10-12
U03267,38,United States,Standard,SmartTV,2023-06-04
U03268,40,Chile,Standard,Mobile,2024-04-19
U03269,55,Chile,Standard,SmartTV,2024-09-19
U03270,35,Mexico,Standard,Desktop,2026-02-24
U03271,49,Chile,Standard,SmartTV,2023-12-21
U03272,21,Peru,Standard,Mobile,2023-10-19
U03273,27,Peru,Standard,SmartTV,2024-12-20
U03274,18,United States,Premium,Mobile,2023-11-18
U03275,37,Spain,Standard,SmartTV,2023-10-05
U03276,43,Chile,Premium,Desktop,2025-11-10
U03277,18,Spain,Basic,Desktop,2025-08-19
U03278,37,Ecuador,Standard,Tablet,2025-01-20
U03279,42,Chile,Standard,SmartTV,2026-01-25
U03280,42,Chile,Standard,SmartTV,2023-07-16
U03281,21,Colombia,Premium,Tablet,2025-07-06
U03282,44,United States,Standard,Mobile,2023-02-08
U03283,35,Spain,Standard,SmartTV,2025-04-10
U03284,42,United States,Standard,Tablet,2025-10-17
U03285,33,Mexico,Standard,SmartTV,2025-05-07
U03286,40,Peru,Premium,Desktop,2025-12-18
U03287,48,Argentina,Premium,SmartTV,2023-08-06
U03288,33,Ecuador,Basic,Mobile,2024-11-26
U03289,38,Spain,Premium,Mobile,2024-12-01
U03290,50,Ecuador,Standard,SmartTV,2023-06-01
U03291,33,Spain,Standard,Mobile,2024-01-22
U03292,21,Argentina,Standard,Mobile,2024-06-23
U03293,43,Ecuador,Premium,Desktop,2023-09-13
U03294,52,Ecuador,Standard,Desktop,2026-09-19
U03295,50,Chile,Standard,SmartTV,2026-09-08
U03296,44,Colombia,Standard,SmartTV,2024-05-19
U03297,18,Spain,Standard,SmartTV,2023-05-23
U03298,27,Colombia,Premium,SmartTV,2024-10-03
U03299,28,Peru,Standard,Mobile,2025-01-20
U03300,36,Colombia,Premium,Desktop,2026-03-25
U03301,55,Ecuador,Standard,Tablet,2023-06-18
U03302,22,Colombia,Standard,SmartTV,2026-03-07
U03303,62,Spain,Standard,Mobile,2024-01-25
U03304,30,Argentina,Basic,Tablet,2023-07-26
U03305,26,United States,Basic,SmartTV,2024-11-25
U03306,45,Peru,Standard,SmartTV,2025-11-19
U03307,46,Colombia,Basic,Mobile,2025-06-02
U03308,43,Ecuador,Basic,SmartTV,2025-11-25
U03309,26,Chile,Basic,Mobile,2026-01-27
U03310,41,Ecuador,Basic,SmartTV,2025-09-18
U03311,23,Ecuador,Standard,SmartTV,2025-02-17
U03312,25,Mexico,Standard,SmartTV,2025-05-02
U03313,34,Ecuador,Premium,Mobile,2023-04-17
U03314,25,Mexico,Standard,Mobile,2024-04-09
U03315,48,Mexico,Standard,SmartTV,2023-07-22
U03316,28,Argentina,Basic,Tablet,2026-07-17
U03317,32,Peru,Basic,Mobile,2026-08-24
U03318,24,Argentina,Premium,Desktop,2023-08-05
U03319,47,Peru,Standard,SmartTV,2023-04-03
U03320,27,Ecuador,Premium,SmartTV,2025-03-08
U03321,49,Colombia,Standard,Tablet,2026-02-17
U03322,48,Ecuador,Standard,SmartTV,2024-08-27
U03323,30,Chile,Standard,Mobile,2026-10-22
U03324,35,Argentina,Basic,SmartTV,2026-04-27
U03325,29,Spain,Premium,Tablet,2025-09-24
U03326,42,Colombia,Standard,Desktop,2023-12-15
U03327,33,Ecuador,Standard,SmartTV,2024-07-02
U03328,30,Colombia,Basic,Mobile,2023-06-01
U03329,36,United States,Standard,Desktop,2023-09-02
U03330,18,Colombia,Premium,Tablet,2024-10-22
U03331,34,Peru,Standard,Mobile,2025-09-19
U03332,43,Ecuador,Premium,SmartTV,2023-06-23
U03333,37,Spain,Standard,Mobile,2023-08-09
U03334,46,Peru,Premium,Desktop,2024-09-26
U03335,30,Ecuador,Standard,SmartTV,2026-01-22
U03336,29,Chile,Premium,Mobile,2025-02-15
U03337,22,Argentina,Standard,SmartTV,2025-03-04
U03338,30,Chile,Standard,Desktop,2023-12-27
U03339,59,United States,Standard,SmartTV,2026-08-09
U03340,38,Spain,Premium,Tablet,2023-03-07
U03341,28,Chile,Premium,SmartTV,2024-02-07
U03342,23,United States,Standard,Mobile,2025-11-03
U03343,18,Spain,Standard,SmartTV,2023-12-08
U03344,25,Peru,Standard,Desktop,2025-04-09
U03345,44,Argentina,Basic,Mobile,2024-06-18
U03346,30,Chile,Basic,Tablet,2026-06-09
U03347,24,Chile,Standard,Mobile,2025-02-08
U03348,25,Chile,Standard,SmartTV,2025-02-13
U03349,43,Spain,Standard,Desktop,2026-06-27
U03350,34,United States,Standard,SmartTV,2025-03-25
U03351,27,Colombia,Standard,SmartTV,2023-01-18
U03352,31,Mexico,Basic,SmartTV,2023-11-08
U03353,61,Mexico,Basic,SmartTV,2024-08-21
U03354,50,United States,Basic,Mobile,2025-11-24
U03355,53,Peru,Standard,Mobile,2025-03-26
U03356,18,Colombia,Premium,SmartTV,2026-09-23
U03357,33,Colombia,Premium,Tablet,2023-04-15
U03358,27,Ecuador,Basic,SmartTV,2025-09-27
U03359,42,Ecuador,Premium,SmartTV,2023-05-09
U03360,48,Colombia,Standard,SmartTV,2024-12-08
U03361,39,Ecuador,Standard,SmartTV,2026-05-02
U03362,25,Spain,Standard,SmartTV,2024-08-20
U03363,27,Peru,Premium,Mobile,2024-07-04
U03364,42,Peru,Standard,SmartTV,2025-11-15
U03365,44,Argentina,Standard,Mobile,2026-04-21
U03366,37,Colombia,Standard,Desktop,2026-02-06
U03367,37,Argentina,Basic,SmartTV,2025-11-15
U03368,36,Spain,Basic,Desktop,2025-09-13
U03369,38,Peru,Basic,SmartTV,2023-10-02
U03370,44,Chile,Standard,Tablet,2026-09-22
U03371,43,Colombia,Basic,Tablet,2023-07-18
U03372,35,Peru,Standard,SmartTV,2025-08-16
U03373,34,Mexico,Premium,Tablet,2024-06-24
U03374,34,Peru,Premium,Desktop,2025-02-20
U03375,26,Chile,Standard,SmartTV,2025-06-20
U03376,25,Chile,Basic,SmartTV,2023-03-25
U03377,42,Ecuador,Standard,Tablet,2023-05-23
U03378,26,Ecuador,Basic,SmartTV,2026-12-18
U03379,45,Chile,Standard,SmartTV,2025-09-03
U03380,34,Ecuador,Standard,SmartTV,2024-11-17
U03381,45,Argentina,Standard,SmartTV,2023-01-04
U03382,43,United States,Basic,Mobile,2026-12-09
U03383,45,Argentina,Basic,SmartTV,2024-10-07
U03384,29,Colombia,Premium,SmartTV,2025-05-13
U03385,40,Peru,Premium,SmartTV,2026-03-14
U03386,44,Mexico,Standard,Tablet,2023-08-14
U03387,18,Mexico,Standard,SmartTV,2023-12-23
U03388,55,United States,Standard,Tablet,2023-01-06
U03389,62,Chile,Basic,Desktop,2024-08-06
U03390,46,Colombia,Premium,Mobile,2024-04-13
U03391,45,Peru,Basic,Desktop,2026-04-03
U03392,42,United States,Standard,SmartTV,2025-06-20
U03393,31,Mexico,Basic,SmartTV,2023-11-18
U03394,34,Spain,Standard,SmartTV,2026-04-22
U03395,47,Argentina,Premium,SmartTV,2026-06-20
U03396,23,United States,Standard,SmartTV,2024-05-25
U03397,22,Chile,Standard,Tablet,2023-11-16
U03398,30,United States,Standard,Mobile,2025-02-24
U03399,43,United States,Standard,Mobile,2026-06-03
U03400,25,Spain,Standard,SmartTV,2025-04-06
U03401,32,United States,Standard,SmartTV,2025-04-19
U03402,34,Chile,Standard,Desktop,2023-08-23
U03403,23,Argentina,Standard,Mobile,2024-02-15
U03404,18,Mexico,Basic,SmartTV,2026-02-18
U03405,23,Argentina,Standard,Mobile,2025-02-01
U03406,38,Argentina,Basic,Mobile,2023-08-01
U03407,41,Argentina,Standard,Desktop,2024-06-10
U03408,41,Peru,Standard,Mobile,2024-08-19
U03409,42,Spain,Premium,SmartTV,2023-11-17
U03410,27,Spain,Basic,SmartTV,2026-09-05
U03411,25,Mexico,Standard,Mobile,2025-09-02
U03412,40,Chile,Basic,SmartTV,2024-12-21
U03413,32,Spain,Premium,SmartTV,2023-10-10
U03414,46,Argentina,Basic,Mobile,2026-11-07
U03415,40,Chile,Standard,SmartTV,2025-11-17
U03416,50,Mexico,Basic,Mobile,2023-09-21
U03417,29,Mexico,Premium,Tablet,2024-06-04
U03418,48,Mexico,Standard,SmartTV,2026-01-14
U03419,59,Colombia,Standard,Desktop,2025-10-06
U03420,36,Colombia,Basic,Tablet,2023-10-21
U03421,41,United States,Standard,SmartTV,2025-04-08
U03422,24,United States,Basic,Desktop,2025-10-14
U03423,46,Peru,Standard,Desktop,2024-07-22
U03424,49,United States,Basic,SmartTV,2025-02-14
U03425,29,Chile,Premium,SmartTV,2025-04-15
U03426,42,Ecuador,Standard,SmartTV,2026-10-23
U03427,38,Argentina,Standard,Tablet,2024-05-13
U03428,40,Ecuador,Standard,Tablet,2026-11-25
U03429,45,Ecuador,Standard,Mobile,2023-02-08
U03430,41,United States,Premium,Tablet,2024-08-24
U03431,33,Chile,Premium,Mobile,2026-07-22
U03432,45,Colombia,Standard,Tablet,2023-12-24
U03433,48,Chile,Premium,Desktop,2023-01-12
U03434,28,Mexico,Basic,Desktop,2024-11-15
U03435,35,Mexico,Premium,SmartTV,2025-05-07
U03436,18,Peru,Standard,Mobile,2023-11-22
U03437,42,Peru,Premium,SmartTV,2023-12-14
U03438,50,Chile,Standard,Mobile,2023-10-09
U03439,32,Mexico,Standard,SmartTV,2023-12-20
U03440,37,United States,Standard,Tablet,2024-01-09
U03441,32,Peru,Premium,SmartTV,2026-12-03
U03442,30,Spain,Basic,SmartTV,2025-05-07
U03443,38,United States,Standard,Tablet,2026-11-01
U03444,26,Peru,Standard,Mobile,2025-11-17
U03445,32,Ecuador,Standard,Desktop,2025-09-23
U03446,24,Mexico,Standard,Mobile,2023-02-12
U03447,42,United States,Standard,Mobile,2026-01-24
U03448,38,Ecuador,Premium,Mobile,2024-06-16
U03449,30,Colombia,Standard,SmartTV,2025-02-22
U03450,35,Mexico,Premium,Desktop,2026-12-23
U03451,32,Spain,Basic,SmartTV,2024-08-18
U03452,49,Ecuador,Basic,SmartTV,2024-06-04
U03453,30,Peru,Basic,SmartTV,2026-12-17
U03454,43,Colombia,Standard,SmartTV,2023-01-19
U03455,27,United States,Standard,Mobile,2023-03-02
U03456,45,Mexico,Basic,SmartTV,2025-04-20
U03457,47,Chile,Standard,SmartTV,2024-04-01
U03458,48,Spain,Standard,SmartTV,2025-05-01
U03459,53,Chile,Standard,SmartTV,2026-06-08
U03460,39,United States,Standard,SmartTV,2026-08-01
U03461,50,Colombia,Standard,Desktop,2023-05-13
U03462,54,Ecuador,Premium,Desktop,2025-02-26
U03463,22,Peru,Standard,SmartTV,2024-03-10
U03464,28,Colombia,Premium,SmartTV,2023-06-16
U03465,18,Spain,Premium,SmartTV,2024-05-25
U03466,48,Chile,Premium,SmartTV,2024-05-21
U03467,18,Colombia,Basic,Mobile,2026-02-03
U03468,18,Argentina,Standard,Tablet,2024-01-25
U03469,22,Chile,Standard,Tablet,2024-10-16
U03470,18,Chile,Basic,Mobile,2026-02-07
U03471,38,Colombia,Standard,Mobile,2026-08-11
U03472,22,United States,Basic,SmartTV,2025-04-09
U03473,18,Mexico,Standard,Mobile,2024-02-02
U03474,34,Spain,Premium,Mobile,2023-06-12
U03475,35,Argentina,Standard,SmartTV,2024-04-17
U03476,18,Chile,Premium,SmartTV,2023-02-05
U03477,26,Ecuador,Premium,Mobile,2023-12-12
U03478,34,Mexico,Premium,Tablet,2023-06-04
U03479,31,Ecuador,Basic,Mobile,2025-01-21
U03480,31,United States,Premium,Mobile,2025-10-08
U03481,49,Colombia,Basic,Mobile,2026-08-17
U03482,61,Peru,Premium,Tablet,2025-02-06
U03483,31,Mexico,Basic,Tablet,2023-08-13
U03484,19,Chile,Basic,Mobile,2023-04-19
U03485,32,Mexico,Standard,SmartTV,2024-12-05
U03486,37,Spain,Standard,Mobile,2023-09-04
U03487,34,Argentina,Premium,Mobile,2024-09-01
U03488,42,United States,Standard,Mobile,2024-03-09
U03489,62,Chile,Standard,SmartTV,2025-07-26
U03490,18,Chile,Standard,SmartTV,2026-12-16
U03491,29,Spain,Premium,SmartTV,2024-01-19
U03492,53,Colombia,Standard,Mobile,2026-08-14
U03493,29,Colombia,Premium,Tablet,2023-09-21
U03494,44,Ecuador,Premium,Tablet,2023-04-21
U03495,43,Argentina,Standard,Mobile,2023-02-03
U03496,50,Mexico,Standard,SmartTV,2026-05-19
U03497,58,Colombia,Standard,SmartTV,2025-04-23
U03498,39,Ecuador,Premium,Tablet,2026-07-13
U03499,18,Ecuador,Standard,SmartTV,2026-06-10
U03500,27,Chile,Premium,Mobile,2023-05-23
U03501,61,Colombia,Premium,Desktop,2024-05-24
U03502,18,Spain,Standard,SmartTV,2023-01-03
U03503,41,United States,Standard,SmartTV,2023-04-17
U03504,18,Argentina,Standard,Mobile,2026-12-11
U03505,19,Spain,Basic,SmartTV,2023-11-11
U03506,46,United States,Premium,Tablet,2024-10-18
U03507,35,Argentina,Standard,SmartTV,2025-04-03
U03508,30,Mexico,Standard,SmartTV,2024-11-18
U03509,25,Spain,Standard,SmartTV,2023-06-11
U03510,18,Mexico,Premium,SmartTV,2025-05-11
U03511,43,Peru,Standard,Mobile,2023-12-07
U03512,32,Ecuador,Standard,SmartTV,2025-02-07
U03513,18,Mexico,Basic,SmartTV,2026-08-13
U03514,35,United States,Premium,Tablet,2024-11-21
U03515,42,Mexico,Standard,Mobile,2024-01-07
U03516,33,Peru,Standard,Desktop,2023-01-19
U03517,36,Mexico,Premium,SmartTV,2024-10-22
U03518,35,Spain,Standard,SmartTV,2024-08-12
U03519,27,Argentina,Standard,SmartTV,2023-03-06
U03520,36,Chile,Standard,Desktop,2026-06-03
U03521,44,Peru,Standard,SmartTV,2026-07-01
U03522,47,Peru,Standard,Desktop,2024-11-02
U03523,44,United States,Standard,SmartTV,2025-01-06
U03524,27,Ecuador,Basic,SmartTV,2025-03-25
U03525,43,Spain,Standard,SmartTV,2025-10-05
U03526,41,Colombia,Standard,SmartTV,2026-02-12
U03527,26,United States,Standard,Mobile,2023-06-14
U03528,29,Peru,Standard,SmartTV,2026-02-12
U03529,43,Argentina,Standard,Tablet,2025-07-20
U03530,52,Argentina,Standard,SmartTV,2024-01-09
U03531,18,Argentina,Premium,SmartTV,2025-01-10
U03532,55,Spain,Standard,SmartTV,2023-10-09
U03533,49,Ecuador,Premium,SmartTV,2026-09-08
U03534,37,Colombia,Standard,Desktop,2023-06-04
U03535,32,Colombia,Standard,Tablet,2023-07-27
U03536,40,Mexico,Standard,Mobile,2024-01-20
U03537,27,Mexico,Basic,Mobile,2025-02-10
U03538,33,Colombia,Premium,Mobile,2026-05-26
U03539,18,Spain,Standard,SmartTV,2025-06-20
U03540,18,Colombia,Basic,SmartTV,2024-10-23
U03541,63,Peru,Standard,SmartTV,2023-06-21
U03542,36,Peru,Standard,Mobile,2024-09-16
U03543,37,Argentina,Basic,SmartTV,2026-06-17
U03544,35,Ecuador,Standard,Mobile,2023-06-20
U03545,25,United States,Premium,SmartTV,2026-10-18
U03546,31,Mexico,Standard,Desktop,2026-09-23
U03547,36,Mexico,Basic,SmartTV,2026-02-10
U03548,33,Colombia,Basic,Desktop,2024-01-23
U03549,26,Spain,Standard,Desktop,2026-01-04
U03550,41,Spain,Standard,SmartTV,2023-07-10
U03551,37,Chile,Standard,Tablet,2025-01-24
U03552,40,Colombia,Premium,SmartTV,2025-12-04
U03553,43,Peru,Basic,SmartTV,2024-09-24
U03554,33,Peru,Basic,Desktop,2024-11-03
U03555,33,Colombia,Basic,SmartTV,2024-08-22
U03556,53,Argentina,Standard,SmartTV,2024-11-05
U03557,24,Peru,Basic,SmartTV,2024-04-26
U03558,18,Spain,Standard,SmartTV,2024-04-12
U03559,42,Chile,Premium,SmartTV,2023-03-09
U03560,27,Mexico,Basic,Tablet,2026-03-22
U03561,22,United States,Premium,Mobile,2024-12-25
U03562,46,Peru,Premium,SmartTV,2024-04-24
U03563,33,Ecuador,Standard,SmartTV,2023-09-10
U03564,20,Chile,Premium,Mobile,2026-02-25
U03565,58,Chile,Standard,Mobile,2025-04-19
U03566,18,Spain,Standard,SmartTV,2026-06-20
U03567,34,Spain,Standard,Mobile,2023-09-13
U03568,18,Argentina,Basic,Tablet,2025-04-16
U03569,38,United States,Standard,Desktop,2026-11-13
U03570,27,Colombia,Premium,Desktop,2023-12-06
U03571,45,Colombia,Standard,SmartTV,2026-03-01
U03572,35,Colombia,Standard,Mobile,2026-09-02
U03573,51,Mexico,Standard,Mobile,2024-11-22
U03574,30,Colombia,Premium,SmartTV,2024-04-23
U03575,18,Ecuador,Basic,SmartTV,2023-01-14
U03576,38,United States,Standard,SmartTV,2025-03-25
U03577,32,Colombia,Basic,SmartTV,2023-09-10
U03578,18,Colombia,Premium,SmartTV,2025-12-27
U03579,22,Peru,Standard,SmartTV,2026-03-23
U03580,26,Ecuador,Basic,Desktop,2024-07-16
U03581,54,Ecuador,Standard,SmartTV,2026-09-24
U03582,43,Colombia,Standard,Mobile,2026-05-23
U03583,31,Peru,Basic,SmartTV,2026-11-04
U03584,41,Spain,Premium,Desktop,2023-07-27
U03585,18,Peru,Standard,SmartTV,2024-10-05
U03586,28,Argentina,Basic,Mobile,2024-03-18
U03587,40,Argentina,Premium,Mobile,2026-11-22
U03588,37,Spain,Basic,Desktop,2023-12-13
U03589,29,United States,Basic,Desktop,2023-11-24
U03590,35,Chile,Standard,Desktop,2023-11-17
U03591,39,Ecuador,Basic,SmartTV,2025-06-17
U03592,35,Ecuador,Standard,Mobile,2025-09-20
U03593,45,Colombia,Standard,SmartTV,2025-09-03
U03594,39,Spain,Basic,Desktop,2024-07-15
U03595,41,Mexico,Premium,Mobile,2024-05-21
U03596,56,Ecuador,Standard,Mobile,2024-05-23
U03597,45,Ecuador,Standard,SmartTV,2023-05-21
U03598,56,United States,Standard,SmartTV,2023-02-15
U03599,27,Chile,Premium,SmartTV,2024-02-18
U03600,18,Ecuador,Basic,Mobile,2023-08-22
U03601,33,United States,Basic,SmartTV,2025-03-26
U03602,32,Argentina,Premium,SmartTV,2025-11-17
U03603,53,Chile,Basic,SmartTV,2026-01-06
U03604,21,Chile,Premium,SmartTV,2025-03-11
U03605,34,Mexico,Standard,Mobile,2025-07-01
U03606,40,Peru,Premium,Tablet,2024-02-18
U03607,36,United States,Basic,Desktop,2024-12-07
U03608,33,Spain,Premium,Tablet,2024-12-23
U03609,39,Mexico,Standard,Desktop,2023-10-10
U03610,48,Mexico,Basic,SmartTV,2026-08-25
U03611,53,United States,Premium,SmartTV,2023-11-15
U03612,35,Ecuador,Basic,Mobile,2023-09-25
U03613,25,Ecuador,Standard,SmartTV,2024-04-12
U03614,53,Spain,Standard,Mobile,2023-02-16
U03615,22,Colombia,Basic,Mobile,2023-04-22
U03616,56,Mexico,Basic,Desktop,2024-08-16
U03617,51,Chile,Standard,Tablet,2026-09-05
U03618,53,Colombia,Standard,Tablet,2023-01-12
U03619,43,Colombia,Standard,SmartTV,2026-09-02
U03620,18,Argentina,Standard,SmartTV,2026-09-14
U03621,23,Ecuador,Standard,Mobile,2025-03-16
U03622,39,Ecuador,Standard,SmartTV,2023-09-07
U03623,27,Peru,Standard,Tablet,2025-05-12
U03624,31,Ecuador,Standard,SmartTV,2025-08-26
U03625,42,Mexico,Basic,SmartTV,2023-03-13
U03626,33,United States,Standard,Desktop,2024-03-03
U03627,20,Argentina,Basic,SmartTV,2026-05-26
U03628,46,Mexico,Standard,Tablet,2024-06-26
U03629,41,Peru,Basic,Tablet,2023-04-27
U03630,32,United States,Basic,SmartTV,2026-12-06
U03631,44,Spain,Standard,Mobile,2025-10-22
U03632,36,Spain,Standard,Tablet,2024-12-10
U03633,51,Colombia,Standard,SmartTV,2025-03-04
U03634,37,Ecuador,Standard,Mobile,2023-11-07
U03635,51,Ecuador,Premium,Mobile,2025-03-10
U03636,18,Colombia,Standard,SmartTV,2024-06-06
U03637,41,Ecuador,Basic,SmartTV,2023-01-18
U03638,30,United States,Premium,Tablet,2023-04-19
U03639,25,Colombia,Standard,Tablet,2024-09-19
U03640,49,Colombia,Basic,SmartTV,2024-06-23
U03641,46,United States,Basic,Tablet,2023-11-25
U03642,18,United States,Standard,Mobile,2023-07-02
U03643,44,Colombia,Standard,Mobile,2025-03-07
U03644,42,Colombia,Standard,Mobile,2024-02-22
U03645,26,Spain,Basic,SmartTV,2026-12-17
U03646,25,United States,Premium,Tablet,2026-07-13
U03647,18,Mexico,Standard,SmartTV,2023-12-23
U03648,31,Peru,Premium,Tablet,2023-12-05
U03649,33,Mexico,Basic,SmartTV,2023-04-09
U03650,45,Spain,Standard,SmartTV,2024-12-09
U03651,38,Ecuador,Premium,Desktop,2025-10-21
U03652,22,Peru,Basic,SmartTV,2026-02-03
U03653,38,Spain,Standard,SmartTV,2023-06-16
U03654,32,Argentina,Basic,SmartTV,2023-12-11
U03655,24,Ecuador,Standard,Mobile,2025-08-22
U03656,18,Argentina,Premium,Desktop,2023-12-19
U03657,42,Mexico,Standard,Tablet,2025-05-24
U03658,40,Colombia,Premium,SmartTV,2024-09-21
U03659,42,Peru,Basic,SmartTV,2025-03-07
U03660,26,Colombia,Premium,Tablet,2025-01-19
U03661,37,United States,Standard,Desktop,2023-06-13
U03662,18,Colombia,Basic,Desktop,2024-04-21
U03663,23,Spain,Premium,SmartTV,2023-08-14
U03664,35,Chile,Basic,Desktop,2023-06-18
U03665,38,United States,Basic,SmartTV,2025-12-14
U03666,18,United States,Premium,SmartTV,2024-04-09
U03667,22,United States,Basic,SmartTV,2024-09-21
U03668,31,Spain,Basic,Desktop,2023-05-21
U03669,47,Peru,Basic,Mobile,2025-09-24
U03670,25,Colombia,Premium,Tablet,2023-06-14
U03671,37,Colombia,Basic,SmartTV,2023-03-25
U03672,38,Mexico,Standard,Tablet,2025-03-17
U03673,32,Peru,Basic,SmartTV,2025-02-08
U03674,38,Peru,Standard,Mobile,2025-11-22
U03675,19,Ecuador,Standard,Desktop,2023-05-26
U03676,27,Argentina,Premium,SmartTV,2026-01-27
U03677,52,Ecuador,Premium,SmartTV,2026-11-08
U03678,53,Peru,Premium,SmartTV,2025-09-04
U03679,45,Mexico,Standard,SmartTV,2025-10-05
U03680,48,Chile,Standard,SmartTV,2026-11-07
U03681,18,United States,Basic,Desktop,2023-03-02
U03682,24,Mexico,Standard,Tablet,2025-03-06
U03683,31,Spain,Standard,SmartTV,2023-10-05
U03684,64,Colombia,Standard,SmartTV,2024-03-26
U03685,31,Ecuador,Basic,Mobile,2024-07-08
U03686,44,Argentina,Standard,Mobile,2023-06-01
U03687,40,Ecuador,Standard,SmartTV,2024-05-03
U03688,39,Spain,Standard,Desktop,2023-02-03
U03689,35,United States,Premium,Tablet,2024-06-21
U03690,21,Colombia,Basic,SmartTV,2023-03-19
U03691,18,Argentina,Basic,SmartTV,2025-11-24
U03692,50,Peru,Basic,Desktop,2023-02-22
U03693,28,Colombia,Standard,Tablet,2026-07-27
U03694,18,Peru,Standard,Tablet,2026-10-04
U03695,40,Mexico,Premium,Desktop,2026-04-23
U03696,40,United States,Premium,SmartTV,2023-09-05
U03697,44,Colombia,Standard,Tablet,2026-02-05
U03698,48,Argentina,Standard,Mobile,2025-06-11
U03699,24,Peru,Standard,Desktop,2025-11-03
U03700,25,Colombia,Premium,Tablet,2025-01-14
U03701,31,Mexico,Standard,SmartTV,2026-09-06
U03702,45,Argentina,Basic,Tablet,2023-10-06
U03703,18,Argentina,Premium,Desktop,2023-02-27
U03704,37,United States,Standard,SmartTV,2023-09-06
U03705,46,Ecuador,Basic,SmartTV,2026-09-07
U03706,46,Chile,Standard,SmartTV,2023-08-19
U03707,44,Colombia,Basic,Tablet,2024-01-23
U03708,48,Spain,Basic,SmartTV,2025-02-08
U03709,18,Ecuador,Standard,Tablet,2025-10-24
U03710,54,Ecuador,Standard,Desktop,2024-05-20
U03711,39,Argentina,Standard,Tablet,2024-10-15
U03712,51,Peru,Basic,SmartTV,2025-04-02
U03713,21,Mexico,Standard,Mobile,2024-04-03
U03714,18,United States,Basic,SmartTV,2025-04-17
U03715,56,Chile,Standard,Mobile,2024-04-03
U03716,24,Chile,Standard,Mobile,2026-11-09
U03717,31,United States,Basic,Tablet,2023-10-03
U03718,41,Argentina,Basic,Tablet,2025-12-08
U03719,44,Colombia,Standard,Mobile,2026-06-19
U03720,48,Spain,Standard,Mobile,2023-04-16
U03721,38,Chile,Premium,Desktop,2023-12-01
U03722,22,Spain,Basic,SmartTV,2025-07-06
U03723,43,Mexico,Basic,SmartTV,2026-07-16
U03724,44,Colombia,Basic,SmartTV,2023-01-27
U03725,18,Spain,Standard,SmartTV,2024-09-05
U03726,52,Ecuador,Standard,Tablet,2024-07-26
U03727,18,United States,Standard,Desktop,2024-02-12
U03728,47,Spain,Standard,Mobile,2024-09-08
U03729,27,United States,Basic,SmartTV,2023-09-16
U03730,43,Ecuador,Standard,Tablet,2026-02-20
U03731,41,Peru,Premium,SmartTV,2023-10-11
U03732,35,Ecuador,Standard,Tablet,2023-07-09
U03733,40,Peru,Standard,Tablet,2025-10-08
U03734,34,Peru,Standard,Mobile,2026-10-13
U03735,44,Mexico,Standard,SmartTV,2025-01-24
U03736,61,Peru,Premium,Tablet,2025-03-25
U03737,19,United States,Basic,Mobile,2026-09-16
U03738,18,Colombia,Basic,SmartTV,2023-07-09
U03739,30,Peru,Standard,Desktop,2026-06-02
U03740,29,Argentina,Premium,SmartTV,2026-08-09
U03741,30,Colombia,Basic,Mobile,2025-04-09
U03742,24,Argentina,Standard,Desktop,2026-09-01
U03743,45,Argentina,Basic,SmartTV,2024-07-24
U03744,18,Argentina,Standard,SmartTV,2023-02-08
U03745,40,Mexico,Standard,Mobile,2026-01-23
U03746,43,Spain,Standard,Mobile,2023-09-16
U03747,39,United States,Premium,Tablet,2023-05-06
U03748,41,Ecuador,Standard,Tablet,2025-03-04
U03749,46,Chile,Basic,SmartTV,2024-04-07
U03750,36,Spain,Premium,Mobile,2026-11-15
U03751,31,Ecuador,Standard,SmartTV,2023-04-26
U03752,41,Chile,Standard,SmartTV,2026-04-08
U03753,42,Mexico,Standard,SmartTV,2026-12-08
U03754,46,Colombia,Premium,Mobile,2023-03-11
U03755,18,Peru,Standard,Mobile,2023-08-19
U03756,33,Spain,Standard,Mobile,2025-10-25
U03757,22,Ecuador,Standard,SmartTV,2023-09-05
U03758,42,Ecuador,Standard,Desktop,2024-04-04
U03759,44,Spain,Premium,SmartTV,2026-09-20
U03760,32,Spain,Standard,SmartTV,2026-05-21
U03761,26,Mexico,Basic,SmartTV,2023-04-04
U03762,42,Peru,Standard,SmartTV,2024-10-23
U03763,33,Ecuador,Basic,SmartTV,2024-02-01
U03764,52,Spain,Premium,Mobile,2025-06-06
U03765,56,Colombia,Standard,Mobile,2024-03-01
U03766,47,United States,Standard,SmartTV,2024-10-11
U03767,38,Argentina,Standard,SmartTV,2026-05-20
U03768,57,Ecuador,Premium,SmartTV,2023-01-22
U03769,38,Mexico,Standard,SmartTV,2026-12-18
U03770,29,United States,Basic,Mobile,2026-09-22
U03771,27,Spain,Standard,Mobile,2023-02-11
U03772,27,Mexico,Premium,SmartTV,2024-02-14
U03773,35,Ecuador,Premium,SmartTV,2026-12-17
U03774,41,Mexico,Standard,SmartTV,2024-12-26
U03775,18,Mexico,Standard,Mobile,2025-06-08
U03776,30,Mexico,Standard,SmartTV,2026-12-10
U03777,38,Colombia,Standard,Desktop,2024-09-13
U03778,43,United States,Standard,SmartTV,2026-05-08
U03779,35,Chile,Basic,SmartTV,2024-07-18
U03780,38,Colombia,Basic,SmartTV,2026-04-04
U03781,20,Colombia,Standard,SmartTV,2023-10-26
U03782,24,Colombia,Standard,Mobile,2025-06-10
U03783,34,Chile,Basic,Mobile,2024-11-13
U03784,41,Colombia,Premium,Mobile,2025-03-16
U03785,38,Chile,Basic,Tablet,2025-03-02
U03786,25,Colombia,Standard,Tablet,2026-04-02
U03787,32,Colombia,Premium,SmartTV,2026-03-02
U03788,53,Ecuador,Premium,SmartTV,2023-03-05
U03789,42,Peru,Premium,Mobile,2023-07-11
U03790,33,Peru,Premium,SmartTV,2025-08-25
U03791,23,Peru,Standard,Mobile,2024-05-15
U03792,26,Argentina,Standard,Desktop,2024-12-22
U03793,35,Chile,Premium,SmartTV,2023-08-09
U03794,38,Mexico,Standard,Desktop,2023-04-06
U03795,42,Ecuador,Standard,SmartTV,2025-12-04
U03796,40,Peru,Basic,SmartTV,2023-07-23
U03797,31,Ecuador,Standard,SmartTV,2023-02-17
U03798,29,Chile,Basic,SmartTV,2024-03-25
U03799,60,Mexico,Standard,Desktop,2025-09-02
U03800,28,Spain,Standard,SmartTV,2026-11-12
U03801,19,Mexico,Basic,SmartTV,2023-12-19
U03802,18,Peru,Standard,SmartTV,2025-02-09
U03803,31,Colombia,Standard,Tablet,2024-09-05
U03804,46,United States,Premium,Tablet,2025-04-26
U03805,28,Colombia,Basic,SmartTV,2024-01-27
U03806,53,Ecuador,Basic,Tablet,2023-12-22
U03807,35,Ecuador,Standard,Desktop,2026-07-19
U03808,48,United States,Standard,Tablet,2023-07-09
U03809,26,United States,Standard,Tablet,2023-10-17
U03810,26,Colombia,Standard,Mobile,2026-11-11
U03811,36,Ecuador,Premium,SmartTV,2023-06-08
U03812,41,Argentina,Standard,SmartTV,2025-02-16
U03813,33,Colombia,Standard,SmartTV,2023-07-21
U03814,39,Ecuador,Basic,Mobile,2023-07-17
U03815,42,Chile,Premium,SmartTV,2024-02-04
U03816,18,Peru,Premium,SmartTV,2025-09-19
U03817,31,Peru,Standard,Desktop,2024-01-22
U03818,29,Mexico,Premium,Tablet,2024-06-08
U03819,29,Argentina,Basic,SmartTV,2026-02-26
U03820,40,Mexico,Standard,SmartTV,2023-11-26
U03821,29,Ecuador,Premium,Tablet,2025-06-03
U03822,18,Ecuador,Premium,Mobile,2024-09-01
U03823,32,United States,Standard,Desktop,2025-11-26
U03824,22,Colombia,Basic,Desktop,2024-06-14
U03825,41,Peru,Basic,Tablet,2023-05-15
U03826,45,Ecuador,Basic,Tablet,2026-10-06
U03827,18,Colombia,Premium,SmartTV,2025-12-10
U03828,26,Chile,Standard,Desktop,2025-08-19
U03829,39,Colombia,Standard,SmartTV,2025-09-11
U03830,18,Mexico,Basic,SmartTV,2025-11-18
U03831,44,Peru,Standard,SmartTV,2025-05-16
U03832,48,Spain,Standard,Desktop,2026-04-07
U03833,33,Mexico,Standard,Mobile,2023-09-26
U03834,26,Colombia,Standard,Tablet,2023-05-25
U03835,18,Spain,Basic,SmartTV,2025-06-25
U03836,45,United States,Basic,Mobile,2025-09-23
U03837,59,Ecuador,Premium,Tablet,2025-10-15
U03838,57,Mexico,Standard,SmartTV,2024-05-01
U03839,33,Mexico,Standard,SmartTV,2023-10-26
U03840,22,Mexico,Premium,Mobile,2023-08-21
U03841,45,Ecuador,Standard,Tablet,2024-06-09
U03842,33,Ecuador,Standard,Mobile,2026-03-02
U03843,41,Colombia,Standard,Tablet,2025-04-13
U03844,39,Ecuador,Basic,SmartTV,2023-03-06
U03845,36,Peru,Standard,Mobile,2025-03-03
U03846,47,Spain,Premium,Mobile,2026-01-17
U03847,48,Peru,Standard,SmartTV,2023-07-08
U03848,29,Peru,Basic,Mobile,2023-09-22
U03849,24,Colombia,Premium,Mobile,2024-08-01
U03850,18,Peru,Basic,SmartTV,2024-04-14
U03851,31,Spain,Standard,Mobile,2025-10-01
U03852,22,Spain,Standard,SmartTV,2023-08-10
U03853,40,Peru,Standard,SmartTV,2025-07-18
U03854,31,Peru,Basic,Mobile,2023-08-06
U03855,32,Colombia,Standard,Desktop,2025-12-01
U03856,45,United States,Premium,Mobile,2025-11-12
U03857,40,Colombia,Premium,Tablet,2023-11-15
U03858,34,Peru,Premium,Mobile,2023-04-16
U03859,55,Peru,Basic,SmartTV,2023-08-11
U03860,44,Ecuador,Basic,SmartTV,2024-09-01
U03861,30,Colombia,Standard,SmartTV,2025-04-21
U03862,31,United States,Standard,Desktop,2026-10-06
U03863,44,Ecuador,Basic,Mobile,2023-11-09
U03864,37,Colombia,Basic,SmartTV,2026-03-11
U03865,22,Colombia,Basic,SmartTV,2024-08-21
U03866,46,Colombia,Standard,SmartTV,2023-08-15
U03867,50,United States,Standard,Mobile,2024-10-17
U03868,49,Argentina,Premium,SmartTV,2025-06-09
U03869,54,United States,Basic,Mobile,2025-07-15
U03870,60,Spain,Standard,SmartTV,2023-06-24
U03871,56,Mexico,Standard,SmartTV,2025-09-25
U03872,39,Mexico,Standard,Mobile,2025-01-07
U03873,32,Chile,Basic,Tablet,2024-02-11
U03874,18,Mexico,Standard,SmartTV,2023-06-12
U03875,35,Argentina,Standard,Mobile,2024-05-01
U03876,41,Mexico,Standard,Mobile,2026-02-04
U03877,36,Peru,Standard,SmartTV,2024-04-22
U03878,18,Mexico,Standard,SmartTV,2025-07-05
U03879,32,Ecuador,Standard,Mobile,2025-03-21
U03880,43,Mexico,Standard,Desktop,2026-10-09
U03881,23,Chile,Basic,SmartTV,2023-05-17
U03882,37,Chile,Basic,SmartTV,2023-03-22
U03883,40,Chile,Basic,Desktop,2025-07-21
U03884,48,Argentina,Basic,SmartTV,2026-02-16
U03885,56,Argentina,Premium,SmartTV,2026-03-18
U03886,30,Colombia,Premium,Mobile,2023-05-22
U03887,37,Peru,Premium,Desktop,2025-07-27
U03888,38,Ecuador,Standard,Mobile,2023-11-09
U03889,43,Ecuador,Standard,Mobile,2026-10-02
U03890,41,Colombia,Standard,Tablet,2025-04-15
U03891,52,Argentina,Standard,Mobile,2023-02-05
U03892,18,Spain,Basic,Mobile,2026-06-01
U03893,40,Colombia,Premium,Tablet,2025-11-20
U03894,41,Spain,Premium,Tablet,2025-01-12
U03895,32,Peru,Basic,SmartTV,2023-01-22
U03896,18,Spain,Standard,Mobile,2023-08-08
U03897,34,Chile,Premium,SmartTV,2026-10-09
U03898,26,Argentina,Premium,SmartTV,2023-03-27
U03899,55,Peru,Standard,SmartTV,2023-11-05
U03900,40,Ecuador,Standard,Mobile,2024-01-22
U03901,25,Colombia,Standard,Desktop,2026-08-21
U03902,18,Mexico,Standard,Desktop,2026-07-01
U03903,42,United States,Basic,SmartTV,2025-02-04
U03904,43,Mexico,Basic,Desktop,2026-04-26
U03905,32,Argentina,Standard,SmartTV,2024-03-23
U03906,42,Ecuador,Standard,SmartTV,2025-12-03
U03907,31,Argentina,Premium,Tablet,2025-01-27
U03908,48,Spain,Standard,Tablet,2024-03-01
U03909,47,Peru,Standard,SmartTV,2026-01-12
U03910,18,Chile,Standard,Mobile,2024-08-20
U03911,18,Ecuador,Premium,Tablet,2025-09-09
U03912,59,Ecuador,Standard,Mobile,2023-02-23
U03913,46,Ecuador,Standard,Mobile,2024-08-19
U03914,20,Argentina,Basic,SmartTV,2026-06-01
U03915,18,Spain,Basic,SmartTV,2026-12-21
U03916,37,Ecuador,Premium,Mobile,2026-04-07
U03917,21,United States,Standard,Desktop,2024-07-18
U03918,31,Spain,Standard,Mobile,2026-02-27
U03919,34,Mexico,Basic,SmartTV,2024-04-15
U03920,34,United States,Standard,SmartTV,2023-07-19
U03921,49,United States,Standard,SmartTV,2026-12-22
U03922,57,Colombia,Standard,SmartTV,2024-11-27
U03923,29,United States,Premium,SmartTV,2023-01-14
U03924,21,Peru,Standard,SmartTV,2025-11-15
U03925,40,Ecuador,Standard,SmartTV,2025-11-17
U03926,55,Colombia,Premium,SmartTV,2023-08-05
U03927,30,Mexico,Standard,SmartTV,2024-01-19
U03928,45,United States,Premium,SmartTV,2024-05-10
U03929,25,Peru,Standard,Mobile,2023-03-22
U03930,35,Mexico,Basic,Tablet,2024-02-15
U03931,21,Colombia,Premium,SmartTV,2024-10-08
U03932,35,Spain,Standard,Tablet,2023-07-02
U03933,34,Ecuador,Standard,SmartTV,2025-10-08
U03934,42,Mexico,Standard,SmartTV,2023-04-27
U03935,56,Mexico,Standard,Mobile,2024-06-14
U03936,30,Ecuador,Standard,SmartTV,2024-12-08
U03937,18,United States,Standard,SmartTV,2023-06-24
U03938,33,United States,Premium,Tablet,2024-02-20
U03939,39,Chile,Basic,Tablet,2026-07-01
U03940,37,Argentina,Standard,SmartTV,2025-10-04
U03941,33,Spain,Basic,Tablet,2024-04-23
U03942,53,Ecuador,Standard,Tablet,2023-03-27
U03943,37,Ecuador,Standard,Tablet,2025-03-11
U03944,34,Mexico,Standard,Desktop,2023-03-16
U03945,26,Mexico,Standard,Mobile,2024-08-06
U03946,18,Mexico,Premium,Tablet,2024-09-01
U03947,39,Mexico,Premium,SmartTV,2026-05-09
U03948,38,Argentina,Premium,SmartTV,2024-05-22
U03949,22,Ecuador,Standard,SmartTV,2025-05-24
U03950,34,Colombia,Standard,Mobile,2026-02-06
U03951,33,Colombia,Basic,Mobile,2024-10-19
U03952,28,Peru,Basic,Desktop,2023-01-20
U03953,25,Argentina,Standard,SmartTV,2023-03-25
U03954,40,Spain,Standard,SmartTV,2025-08-16
U03955,32,Peru,Standard,SmartTV,2024-07-27
U03956,28,Mexico,Standard,Mobile,2025-10-22
U03957,25,Colombia,Standard,Mobile,2026-01-01
U03958,33,Chile,Premium,SmartTV,2023-05-06
U03959,46,United States,Basic,Mobile,2025-01-17
U03960,37,Colombia,Standard,Tablet,2024-11-27
U03961,32,Spain,Basic,SmartTV,2023-06-21
U03962,39,Ecuador,Basic,Desktop,2024-04-12
U03963,51,Peru,Premium,SmartTV,2023-10-20
U03964,41,Mexico,Basic,SmartTV,2025-07-09
U03965,38,Argentina,Basic,Mobile,2024-03-17
U03966,43,Mexico,Standard,SmartTV,2024-06-17
U03967,33,Spain,Standard,Mobile,2024-12-24
U03968,37,Spain,Standard,Desktop,2025-10-03
U03969,29,Mexico,Premium,Desktop,2026-01-10
U03970,18,Peru,Standard,SmartTV,2026-12-17
U03971,39,Peru,Standard,SmartTV,2023-10-20
U03972,39,Mexico,Standard,SmartTV,2023-02-24
U03973,32,Mexico,Premium,SmartTV,2026-02-19
U03974,47,Peru,Basic,Mobile,2024-10-17
U03975,26,Peru,Standard,SmartTV,2024-04-03
U03976,18,Ecuador,Standard,SmartTV,2026-01-09
U03977,27,Ecuador,Standard,SmartTV,2024-02-06
U03978,18,Chile,Basic,SmartTV,2026-06-26
U03979,39,Spain,Standard,SmartTV,2024-12-08
U03980,26,Argentina,Premium,SmartTV,2026-07-12
U03981,47,United States,Standard,SmartTV,2026-04-25
U03982,47,Mexico,Basic,Tablet,2025-02-03
U03983,24,Colombia,Basic,SmartTV,2025-05-27
U03984,25,Mexico,Standard,SmartTV,2024-04-24
U03985,41,Spain,Standard,Mobile,2024-11-27
U03986,47,Mexico,Premium,Mobile,2025-02-03
U03987,18,Chile,Standard,Mobile,2024-07-02
U03988,38,Mexico,Basic,Desktop,2024-02-25
U03989,18,Ecuador,Premium,Mobile,2023-06-26
U03990,28,Colombia,Standard,SmartTV,2023-09-18
U03991,48,Ecuador,Standard,Desktop,2026-09-18
U03992,71,Peru,Standard,Mobile,2026-12-27
U03993,32,United States,Standard,SmartTV,2025-12-22
U03994,20,Colombia,Basic,SmartTV,2023-12-12
U03995,29,Ecuador,Basic,Desktop,2023-05-23
U03996,36,Argentina,Standard,Tablet,2025-04-17
U03997,27,Spain,Standard,Tablet,2026-06-03
U03998,24,Chile,Standard,Tablet,2026-11-03
U03999,30,Peru,Premium,SmartTV,2024-11-18
U04000,40,Peru,Basic,SmartTV,2024-08-19
U04001,33,Mexico,Standard,Desktop,2025-02-23
U04002,24,Spain,Standard,SmartTV,2023-06-05
U04003,27,Colombia,Basic,Mobile,2023-04-14
U04004,30,United States,Standard,Mobile,2023-08-09
U04005,23,Mexico,Premium,Tablet,2026-01-26
U04006,27,Argentina,Premium,SmartTV,2026-06-01
U04007,43,Ecuador,Standard,Mobile,2025-01-05
U04008,32,United States,Standard,Mobile,2024-06-12
U04009,18,Chile,Basic,SmartTV,2026-09-18
U04010,47,Peru,Standard,SmartTV,2023-07-18
U04011,40,Peru,Standard,Tablet,2026-03-02
U04012,18,Colombia,Premium,Mobile,2026-05-06
U04013,31,Ecuador,Standard,Mobile,2023-02-25
U04014,25,Ecuador,Basic,Mobile,2023-06-21
U04015,43,Colombia,Premium,SmartTV,2023-04-17
U04016,31,Chile,Standard,SmartTV,2025-05-24
U04017,34,Mexico,Basic,SmartTV,2026-12-19
U04018,33,Argentina,Premium,SmartTV,2024-06-05
U04019,18,Mexico,Standard,Mobile,2025-07-14
U04020,52,Ecuador,Standard,Desktop,2023-11-26
U04021,43,Peru,Basic,Desktop,2024-08-01
U04022,26,Mexico,Standard,SmartTV,2026-03-16
U04023,37,Argentina,Basic,SmartTV,2025-04-05
U04024,47,Colombia,Premium,Tablet,2024-12-18
U04025,36,United States,Standard,Mobile,2023-09-19
U04026,54,Spain,Standard,Tablet,2023-03-06
U04027,70,Spain,Premium,Mobile,2023-10-08
U04028,33,Mexico,Premium,Desktop,2023-06-21
U04029,28,Peru,Premium,Mobile,2025-01-05
U04030,23,United States,Premium,Desktop,2025-08-07
U04031,18,United States,Premium,Mobile,2024-02-24
U04032,50,Spain,Premium,Mobile,2025-02-18
U04033,31,United States,Standard,SmartTV,2023-05-04
U04034,46,United States,Basic,SmartTV,2025-05-16
U04035,48,Argentina,Basic,SmartTV,2025-08-27
U04036,22,Colombia,Standard,SmartTV,2024-04-22
U04037,24,Chile,Standard,SmartTV,2025-10-07
U04038,56,Mexico,Standard,Tablet,2023-01-17
U04039,34,Argentina,Basic,Mobile,2023-03-19
U04040,27,Chile,Standard,Tablet,2025-11-13
U04041,22,Chile,Standard,SmartTV,2024-02-17
U04042,33,United States,Standard,SmartTV,2024-01-24
U04043,53,Chile,Standard,SmartTV,2023-10-27
U04044,43,Ecuador,Standard,Mobile,2023-12-06
U04045,37,Argentina,Standard,Mobile,2025-04-03
U04046,54,Peru,Basic,SmartTV,2023-11-05
U04047,52,Colombia,Standard,SmartTV,2025-03-16
U04048,39,Mexico,Premium,Tablet,2023-10-13
U04049,68,United States,Basic,Mobile,2023-09-27
U04050,32,Colombia,Premium,Desktop,2023-05-17
U04051,48,Peru,Premium,SmartTV,2024-12-16
U04052,30,Chile,Premium,Desktop,2026-12-10
U04053,46,Mexico,Premium,Desktop,2025-07-13
U04054,32,Peru,Standard,Desktop,2025-11-10
U04055,41,Peru,Basic,SmartTV,2023-12-03
U04056,64,Argentina,Basic,Mobile,2023-11-26
U04057,46,United States,Basic,Mobile,2026-06-07
U04058,41,Colombia,Standard,Mobile,2024-10-20
U04059,26,Mexico,Premium,SmartTV,2024-06-12
U04060,37,Spain,Basic,Desktop,2025-03-07
U04061,23,Colombia,Standard,SmartTV,2024-09-06
U04062,46,Spain,Premium,Tablet,2023-11-19
U04063,45,Peru,Basic,Desktop,2025-05-27
U04064,33,Ecuador,Basic,Mobile,2023-12-20
U04065,55,Ecuador,Standard,Mobile,2026-03-18
U04066,53,Ecuador,Basic,Tablet,2026-07-27
U04067,37,Spain,Standard,SmartTV,2026-03-27
U04068,42,Mexico,Standard,SmartTV,2025-01-14
U04069,28,Spain,Standard,Tablet,2026-05-23
U04070,32,Argentina,Basic,Tablet,2023-10-09
U04071,22,Peru,Standard,Tablet,2023-07-24
U04072,29,United States,Basic,Desktop,2023-04-09
U04073,34,Spain,Standard,SmartTV,2024-01-03
U04074,18,Peru,Basic,Tablet,2026-07-14
U04075,42,Argentina,Premium,SmartTV,2023-01-08
U04076,47,Spain,Standard,SmartTV,2026-10-18
U04077,35,Chile,Basic,Tablet,2024-03-09
U04078,18,Ecuador,Standard,SmartTV,2026-08-21
U04079,32,Peru,Standard,SmartTV,2025-04-13
U04080,18,United States,Premium,SmartTV,2026-07-20
U04081,28,Argentina,Premium,Desktop,2024-12-26
U04082,52,Argentina,Basic,Mobile,2026-06-20
U04083,18,United States,Standard,SmartTV,2025-11-12
U04084,25,Colombia,Standard,Tablet,2024-10-06
U04085,45,United States,Standard,Tablet,2025-06-10
U04086,27,Chile,Basic,Mobile,2024-01-26
U04087,26,Argentina,Standard,SmartTV,2023-03-23
U04088,59,Colombia,Premium,Mobile,2023-06-01
U04089,40,Colombia,Standard,SmartTV,2023-11-12
U04090,46,Peru,Premium,Tablet,2024-03-09
U04091,41,Peru,Basic,Tablet,2025-12-14
U04092,37,Ecuador,Premium,SmartTV,2023-10-10
U04093,50,Colombia,Premium,SmartTV,2023-08-02
U04094,58,Mexico,Standard,Desktop,2023-01-19
U04095,18,United States,Basic,SmartTV,2025-01-24
U04096,35,Ecuador,Standard,Mobile,2025-12-15
U04097,34,Ecuador,Standard,Mobile,2024-09-01
U04098,30,Mexico,Basic,SmartTV,2025-01-08
U04099,47,Mexico,Premium,Mobile,2023-12-27
U04100,38,Mexico,Premium,SmartTV,2023-11-01
U04101,58,United States,Premium,SmartTV,2026-08-09
U04102,48,Colombia,Standard,Mobile,2024-07-03
U04103,51,Chile,Standard,Mobile,2024-04-27
U04104,21,United States,Basic,Mobile,2025-08-13
U04105,25,Mexico,Standard,Mobile,2024-01-10
U04106,26,Mexico,Basic,SmartTV,2025-05-07
U04107,51,United States,Basic,SmartTV,2023-02-19
U04108,23,Peru,Standard,SmartTV,2026-09-25
U04109,24,Ecuador,Basic,SmartTV,2026-03-15
U04110,22,Ecuador,Basic,SmartTV,2026-05-26
U04111,68,Spain,Standard,SmartTV,2023-10-12
U04112,33,Spain,Standard,SmartTV,2023-01-27
U04113,41,Colombia,Premium,SmartTV,2026-03-22
U04114,21,Chile,Standard,Mobile,2023-09-26
U04115,47,Mexico,Basic,Desktop,2023-11-06
U04116,18,Ecuador,Standard,Desktop,2025-10-22
U04117,23,Spain,Standard,SmartTV,2026-02-09
U04118,26,Peru,Standard,SmartTV,2024-09-13
U04119,38,Spain,Basic,Tablet,2023-08-24
U04120,25,Argentina,Premium,Mobile,2024-09-06
U04121,53,Colombia,Basic,Desktop,2024-12-20
U04122,41,Argentina,Standard,Mobile,2026-09-06
U04123,27,Argentina,Basic,SmartTV,2023-04-26
U04124,47,Colombia,Premium,SmartTV,2025-05-10
U04125,30,Colombia,Standard,SmartTV,2023-10-27
U04126,28,Spain,Premium,SmartTV,2025-11-06
U04127,46,Mexico,Premium,Mobile,2023-01-06
U04128,18,Argentina,Premium,SmartTV,2023-08-03
U04129,44,Colombia,Basic,SmartTV,2023-07-04
U04130,26,Argentina,Standard,SmartTV,2024-08-14
U04131,26,Argentina,Premium,Desktop,2024-01-23
U04132,58,Peru,Premium,SmartTV,2023-02-24
U04133,29,Colombia,Premium,SmartTV,2026-10-26
U04134,46,Peru,Premium,Tablet,2023-01-07
U04135,38,Argentina,Standard,Mobile,2025-11-04
U04136,40,Colombia,Standard,Tablet,2023-06-02
U04137,32,Spain,Standard,Tablet,2025-09-22
U04138,31,Colombia,Standard,Desktop,2023-11-26
U04139,53,Spain,Basic,SmartTV,2026-10-03
U04140,46,Ecuador,Standard,Desktop,2024-04-02
U04141,29,Argentina,Basic,Mobile,2026-11-21
U04142,22,Mexico,Basic,SmartTV,2025-02-19
U04143,28,Mexico,Standard,Mobile,2023-02-26
U04144,47,United States,Standard,Mobile,2026-01-20
U04145,49,Ecuador,Standard,SmartTV,2024-11-02
U04146,42,Ecuador,Standard,Tablet,2023-05-04
U04147,18,Ecuador,Standard,Mobile,2025-08-22
U04148,44,Chile,Standard,Mobile,2026-06-05
U04149,51,Spain,Standard,Mobile,2023-08-02
U04150,37,Ecuador,Standard,Mobile,2026-02-22
U04151,59,Argentina,Basic,Tablet,2024-09-16
U04152,19,Peru,Standard,SmartTV,2025-02-07
U04153,43,United States,Premium,SmartTV,2023-08-09
U04154,23,Peru,Standard,SmartTV,2023-07-16
U04155,48,United States,Premium,Tablet,2024-07-20
U04156,42,Mexico,Standard,SmartTV,2025-04-15
U04157,57,United States,Standard,Tablet,2026-05-09
U04158,41,Mexico,Premium,SmartTV,2025-06-01
U04159,30,Peru,Standard,Tablet,2025-12-14
U04160,29,Spain,Standard,SmartTV,2023-06-01
U04161,32,Chile,Standard,Tablet,2025-10-18
U04162,29,Colombia,Basic,Desktop,2025-10-12
U04163,51,Chile,Standard,SmartTV,2025-07-16
U04164,50,Spain,Standard,SmartTV,2023-04-15
U04165,18,Argentina,Basic,SmartTV,2024-03-23
U04166,35,Ecuador,Basic,SmartTV,2024-11-12
U04167,36,Spain,Premium,Mobile,2026-05-25
U04168,26,Peru,Basic,Tablet,2023-05-25
U04169,40,Ecuador,Premium,SmartTV,2023-12-24
U04170,53,Ecuador,Standard,Mobile,2023-08-12
U04171,46,Ecuador,Standard,SmartTV,2026-08-03
U04172,51,Mexico,Standard,SmartTV,2026-06-14
U04173,26,Colombia,Standard,Mobile,2023-12-26
U04174,35,Ecuador,Standard,Desktop,2024-09-24
U04175,26,Peru,Standard,SmartTV,2026-02-01
U04176,38,Spain,Standard,SmartTV,2023-10-10
U04177,39,Mexico,Standard,Desktop,2024-12-02
U04178,47,Chile,Standard,Desktop,2024-01-22
U04179,51,Argentina,Standard,SmartTV,2023-10-19
U04180,43,Ecuador,Standard,Mobile,2024-04-02
U04181,25,United States,Standard,Tablet,2023-07-04
U04182,19,Ecuador,Standard,SmartTV,2025-05-03
U04183,41,Ecuador,Basic,Tablet,2026-05-22
U04184,53,Peru,Premium,Desktop,2023-08-24
U04185,35,Ecuador,Premium,Mobile,2026-02-02
U04186,18,Ecuador,Basic,SmartTV,2026-12-08
U04187,60,Argentina,Basic,Mobile,2025-11-05
U04188,41,Peru,Premium,Desktop,2026-01-23
U04189,37,Ecuador,Standard,SmartTV,2026-03-27
U04190,21,Mexico,Standard,SmartTV,2023-06-18
U04191,35,Argentina,Standard,Desktop,2023-05-04
U04192,43,United States,Standard,Desktop,2023-12-26
U04193,41,Ecuador,Standard,Mobile,2025-02-02
U04194,27,Spain,Premium,SmartTV,2026-06-22
U04195,34,Argentina,Standard,Desktop,2024-10-13
U04196,28,Mexico,Standard,SmartTV,2025-09-19
U04197,55,Colombia,Basic,SmartTV,2024-04-14
U04198,46,Chile,Standard,SmartTV,2023-05-14
U04199,29,Colombia,Premium,Tablet,2024-09-08
U04200,21,Argentina,Premium,Tablet,2023-12-18
U04201,38,Argentina,Premium,Mobile,2024-10-12
U04202,29,Colombia,Basic,Desktop,2023-10-26
U04203,30,Colombia,Premium,SmartTV,2023-12-11
U04204,21,United States,Basic,SmartTV,2023-06-19
U04205,23,Chile,Standard,Mobile,2024-01-12
U04206,37,Mexico,Standard,Tablet,2026-11-21
U04207,32,United States,Standard,Tablet,2024-07-13
U04208,65,Colombia,Standard,Tablet,2026-03-26
U04209,42,Mexico,Standard,Mobile,2025-05-21
U04210,21,Argentina,Premium,SmartTV,2026-09-27
U04211,18,Colombia,Basic,SmartTV,2023-06-27
U04212,40,Colombia,Basic,Desktop,2025-08-17
U04213,30,United States,Standard,Mobile,2024-02-10
U04214,51,Ecuador,Basic,Mobile,2026-03-18
U04215,38,Ecuador,Basic,Tablet,2023-12-17
U04216,18,Peru,Basic,SmartTV,2023-01-14
U04217,23,Spain,Basic,SmartTV,2025-06-18
U04218,27,Chile,Standard,Desktop,2023-02-03
U04219,40,Colombia,Premium,Tablet,2023-10-17
U04220,22,Peru,Premium,Tablet,2026-10-22
U04221,37,Peru,Standard,SmartTV,2025-12-09
U04222,19,Argentina,Basic,Desktop,2023-04-25
U04223,35,Spain,Standard,Mobile,2024-05-03
U04224,39,Colombia,Standard,SmartTV,2024-08-19
U04225,53,Argentina,Premium,SmartTV,2024-02-01
U04226,38,Argentina,Standard,Tablet,2025-05-02
U04227,25,Argentina,Standard,Mobile,2024-05-23
U04228,53,Mexico,Basic,Desktop,2026-03-10
U04229,33,Ecuador,Premium,Desktop,2023-12-14
U04230,44,Mexico,Premium,Desktop,2023-01-25
U04231,28,Mexico,Standard,SmartTV,2025-07-11
U04232,36,Mexico,Premium,SmartTV,2025-03-10
U04233,25,Colombia,Basic,Tablet,2024-12-25
U04234,39,Ecuador,Basic,Mobile,2023-12-09
U04235,45,Colombia,Premium,Desktop,2026-04-13
U04236,29,Colombia,Standard,SmartTV,2024-08-02
U04237,28,Ecuador,Basic,SmartTV,2024-09-14
U04238,39,Colombia,Basic,SmartTV,2024-01-08
U04239,25,Ecuador,Basic,Tablet,2024-04-18
U04240,18,Colombia,Basic,SmartTV,2026-12-18
U04241,39,United States,Standard,Mobile,2025-02-23
U04242,34,Chile,Basic,SmartTV,2023-06-09
U04243,33,Peru,Standard,Tablet,2023-01-10
U04244,41,Argentina,Standard,Desktop,2026-04-09
U04245,43,Chile,Standard,Mobile,2026-01-03
U04246,33,Ecuador,Premium,Mobile,2024-07-10
U04247,22,Chile,Basic,SmartTV,2023-08-11
U04248,27,Colombia,Basic,SmartTV,2025-08-14
U04249,42,Mexico,Basic,Mobile,2026-01-25
U04250,37,Ecuador,Standard,Mobile,2024-11-27
U04251,28,Chile,Standard,SmartTV,2023-03-08
U04252,26,Colombia,Basic,SmartTV,2024-04-16
U04253,42,Colombia,Standard,Mobile,2024-04-16
U04254,32,Mexico,Premium,SmartTV,2026-12-08
U04255,44,Colombia,Basic,Mobile,2026-02-16
U04256,46,Peru,Basic,Mobile,2024-01-09
U04257,31,Ecuador,Premium,Desktop,2024-01-11
U04258,46,Mexico,Premium,Desktop,2025-02-13
U04259,37,Chile,Basic,Mobile,2023-02-21
U04260,38,Spain,Standard,Mobile,2025-05-26
U04261,18,Chile,Basic,Mobile,2024-08-18
U04262,23,United States,Standard,SmartTV,2024-04-19
U04263,24,Colombia,Standard,SmartTV,2024-09-04
U04264,31,Argentina,Basic,Mobile,2026-09-20
U04265,36,Peru,Standard,SmartTV,2025-08-13
U04266,37,Peru,Standard,Mobile,2025-07-04
U04267,38,Argentina,Standard,Tablet,2024-05-04
U04268,27,United States,Premium,Desktop,2023-02-01
U04269,43,Argentina,Standard,Mobile,2025-11-07
U04270,57,Peru,Premium,SmartTV,2026-09-25
U04271,31,Chile,Standard,Mobile,2023-02-20
U04272,27,Colombia,Standard,Mobile,2024-05-25
U04273,27,Mexico,Basic,Desktop,2024-07-11
U04274,36,Peru,Standard,SmartTV,2023-09-25
U04275,29,Colombia,Standard,Mobile,2023-05-23
U04276,18,Ecuador,Basic,Desktop,2023-05-18
U04277,18,United States,Basic,Tablet,2024-01-03
U04278,47,Ecuador,Basic,Desktop,2023-05-08
U04279,50,Colombia,Premium,Mobile,2025-06-20
U04280,54,Colombia,Standard,SmartTV,2023-12-13
U04281,38,Chile,Premium,Mobile,2023-11-20
U04282,23,Colombia,Premium,SmartTV,2026-09-25
U04283,30,Argentina,Standard,Mobile,2026-10-10
U04284,18,Colombia,Standard,Mobile,2023-06-25
U04285,18,Colombia,Standard,SmartTV,2023-02-02
U04286,38,Colombia,Standard,SmartTV,2024-10-21
U04287,41,Colombia,Premium,SmartTV,2025-10-27
U04288,59,Mexico,Premium,Mobile,2024-12-08
U04289,34,Colombia,Standard,SmartTV,2024-12-22
U04290,19,Mexico,Premium,Tablet,2023-03-26
U04291,34,Peru,Standard,SmartTV,2024-11-22
U04292,32,Colombia,Standard,Tablet,2026-10-13
U04293,29,Colombia,Standard,SmartTV,2025-05-10
U04294,39,Chile,Basic,SmartTV,2026-02-23
U04295,20,Peru,Basic,Mobile,2025-11-06
U04296,37,Chile,Standard,Tablet,2026-05-26
U04297,43,Spain,Basic,Tablet,2025-07-27
U04298,52,Ecuador,Premium,SmartTV,2024-06-11
U04299,39,Peru,Basic,Tablet,2024-10-02
U04300,48,Peru,Basic,SmartTV,2024-10-18
U04301,30,Colombia,Standard,SmartTV,2023-05-07
U04302,31,Peru,Basic,SmartTV,2025-06-22
U04303,51,Mexico,Basic,SmartTV,2026-06-07
U04304,19,Mexico,Basic,SmartTV,2026-09-05
U04305,30,Mexico,Standard,SmartTV,2023-04-20
U04306,49,Ecuador,Standard,SmartTV,2024-12-22
U04307,32,Chile,Standard,Tablet,2023-11-06
U04308,32,Argentina,Basic,Mobile,2024-08-04
U04309,32,Chile,Basic,SmartTV,2023-08-05
U04310,36,Mexico,Basic,SmartTV,2024-10-21
U04311,48,Mexico,Basic,SmartTV,2023-04-17
U04312,46,Chile,Premium,Mobile,2025-03-15
U04313,35,Ecuador,Standard,SmartTV,2024-02-18
U04314,48,Mexico,Standard,Mobile,2026-06-05
U04315,39,Chile,Premium,SmartTV,2026-12-02
U04316,45,Ecuador,Basic,SmartTV,2024-04-14
U04317,23,Colombia,Premium,SmartTV,2023-11-03
U04318,56,Ecuador,Standard,SmartTV,2023-01-02
U04319,38,Mexico,Standard,Desktop,2025-09-05
U04320,18,Ecuador,Premium,SmartTV,2026-06-25
U04321,55,Spain,Basic,Tablet,2023-01-05
U04322,35,United States,Standard,SmartTV,2024-08-24
U04323,30,United States,Standard,Mobile,2024-05-03
U04324,28,Colombia,Standard,SmartTV,2026-07-14
U04325,40,Chile,Basic,SmartTV,2024-05-25
U04326,24,United States,Basic,SmartTV,2026-02-14
U04327,28,Mexico,Premium,SmartTV,2024-12-14
U04328,28,Colombia,Standard,Tablet,2023-05-13
U04329,31,Spain,Basic,Tablet,2023-04-17
U04330,29,Mexico,Basic,Mobile,2025-06-27
U04331,45,Argentina,Standard,SmartTV,2026-06-03
U04332,38,United States,Basic,SmartTV,2023-02-15
U04333,40,United States,Basic,Tablet,2023-08-01
U04334,42,Chile,Premium,Desktop,2025-01-10
U04335,34,Ecuador,Basic,Mobile,2023-12-14
U04336,23,Mexico,Basic,SmartTV,2026-07-19
U04337,57,Mexico,Standard,SmartTV,2023-01-14
U04338,46,Mexico,Basic,Desktop,2026-07-02
U04339,54,Peru,Basic,Tablet,2025-08-20
U04340,47,Mexico,Standard,Desktop,2025-06-05
U04341,29,Chile,Standard,Mobile,2026-06-09
U04342,18,United States,Standard,Mobile,2023-12-03
U04343,20,Spain,Premium,Mobile,2024-05-02
U04344,43,Peru,Premium,Mobile,2025-04-24
U04345,34,Mexico,Standard,Desktop,2023-02-22
U04346,30,Mexico,Standard,Mobile,2026-10-01
U04347,18,Chile,Premium,SmartTV,2025-01-27
U04348,35,Ecuador,Basic,SmartTV,2026-11-14
U04349,22,Argentina,Standard,SmartTV,2026-09-20
U04350,26,Argentina,Basic,Tablet,2023-11-07
U04351,45,Chile,Basic,Tablet,2024-05-11
U04352,23,United States,Premium,SmartTV,2024-12-05
U04353,24,United States,Basic,Desktop,2026-06-20
U04354,37,Spain,Standard,SmartTV,2024-09-07
U04355,45,United States,Basic,Desktop,2023-09-04
U04356,30,Chile,Standard,SmartTV,2025-01-03
U04357,53,United States,Premium,SmartTV,2026-08-08
U04358,20,United States,Standard,Mobile,2023-03-24
U04359,18,Mexico,Premium,SmartTV,2024-01-10
U04360,18,Ecuador,Standard,Tablet,2023-08-18
U04361,18,Ecuador,Premium,SmartTV,2024-04-23
U04362,39,Chile,Premium,SmartTV,2025-09-24
U04363,23,Argentina,Basic,SmartTV,2025-02-22
U04364,18,Chile,Premium,SmartTV,2025-03-13
U04365,40,Spain,Basic,Desktop,2025-06-18
U04366,45,Argentina,Standard,SmartTV,2023-07-19
U04367,48,Colombia,Basic,Mobile,2023-09-15
U04368,46,Ecuador,Standard,SmartTV,2023-04-01
U04369,24,Argentina,Premium,Mobile,2023-01-05
U04370,38,Colombia,Premium,Tablet,2023-08-04
U04371,41,United States,Standard,SmartTV,2025-02-11
U04372,29,Spain,Premium,Mobile,2026-08-22
U04373,37,Chile,Standard,SmartTV,2023-03-12
U04374,20,Mexico,Basic,SmartTV,2024-12-10
U04375,27,Spain,Premium,SmartTV,2024-02-19
U04376,39,Spain,Basic,Desktop,2025-05-10
U04377,53,Mexico,Premium,SmartTV,2025-12-08
U04378,49,United States,Basic,SmartTV,2026-12-27
U04379,43,Chile,Standard,Desktop,2023-09-22
U04380,36,Ecuador,Standard,SmartTV,2026-09-14
U04381,34,Mexico,Standard,Mobile,2023-09-22
U04382,18,Argentina,Basic,Tablet,2024-07-06
U04383,25,United States,Basic,Tablet,2025-04-12
U04384,25,Ecuador,Basic,Desktop,2023-09-27
U04385,42,Peru,Premium,Desktop,2023-09-14
U04386,46,Mexico,Standard,Mobile,2025-03-04
U04387,44,United States,Basic,Tablet,2025-07-18
U04388,49,Argentina,Basic,Mobile,2024-09-15
U04389,36,Colombia,Standard,SmartTV,2026-01-25
U04390,23,Spain,Standard,SmartTV,2023-04-10
U04391,34,Mexico,Standard,Desktop,2024-04-25
U04392,26,United States,Basic,SmartTV,2026-10-11
U04393,43,Spain,Premium,SmartTV,2026-12-11
U04394,31,Ecuador,Standard,Desktop,2023-02-17
U04395,34,United States,Standard,Tablet,2024-08-17
U04396,43,Chile,Standard,SmartTV,2024-11-22
U04397,26,United States,Standard,Mobile,2026-01-08
U04398,47,Colombia,Basic,SmartTV,2024-10-20
U04399,19,Spain,Standard,SmartTV,2023-09-22
U04400,39,Colombia,Standard,SmartTV,2025-02-05
U04401,34,Ecuador,Premium,Desktop,2026-10-12
U04402,45,United States,Standard,SmartTV,2023-08-06
U04403,19,Colombia,Premium,Desktop,2026-01-26
U04404,18,Ecuador,Standard,SmartTV,2024-06-03
U04405,44,Spain,Standard,Mobile,2023-12-18
U04406,30,Peru,Basic,SmartTV,2024-11-12
U04407,34,Mexico,Premium,SmartTV,2024-12-13
U04408,27,United States,Basic,Mobile,2025-07-15
U04409,46,Chile,Standard,Mobile,2023-12-14
U04410,39,Ecuador,Standard,SmartTV,2024-08-15
U04411,38,Mexico,Premium,Desktop,2023-07-05
U04412,21,Argentina,Standard,Desktop,2024-12-08
U04413,41,Colombia,Basic,SmartTV,2025-02-11
U04414,23,Chile,Premium,SmartTV,2023-02-18
U04415,27,Peru,Premium,Mobile,2024-04-05
U04416,19,Ecuador,Standard,SmartTV,2026-07-12
U04417,33,Colombia,Standard,Mobile,2026-12-06
U04418,48,United States,Standard,SmartTV,2026-08-23
U04419,38,Colombia,Premium,SmartTV,2023-08-15
U04420,30,Colombia,Basic,Mobile,2025-02-14
U04421,36,United States,Premium,SmartTV,2024-08-26
U04422,36,Peru,Standard,SmartTV,2025-04-27
U04423,36,United States,Premium,Tablet,2026-11-23
U04424,37,United States,Standard,SmartTV,2025-08-18
U04425,23,Chile,Standard,Desktop,2026-08-17
U04426,36,Peru,Premium,SmartTV,2023-12-16
U04427,18,Ecuador,Premium,SmartTV,2023-03-26
U04428,42,Colombia,Premium,SmartTV,2025-05-16
U04429,22,Colombia,Standard,SmartTV,2023-07-14
U04430,49,Chile,Standard,SmartTV,2024-10-19
U04431,18,Peru,Premium,Desktop,2025-03-14
U04432,55,Spain,Standard,Tablet,2023-03-15
U04433,18,Colombia,Basic,Desktop,2024-11-23
U04434,21,Peru,Basic,Mobile,2026-05-21
U04435,39,Ecuador,Basic,Mobile,2024-07-02
U04436,42,Colombia,Basic,Tablet,2026-02-27
U04437,32,Spain,Standard,SmartTV,2023-10-19
U04438,46,Argentina,Premium,SmartTV,2024-07-05
U04439,25,Peru,Standard,Tablet,2026-08-26
U04440,30,Mexico,Basic,Mobile,2026-07-04
U04441,31,Chile,Standard,Mobile,2024-01-25
U04442,29,United States,Standard,Mobile,2025-12-12
U04443,18,Peru,Premium,SmartTV,2024-10-02
U04444,35,Argentina,Premium,SmartTV,2025-02-24
U04445,34,Colombia,Basic,Mobile,2023-01-05
U04446,48,Peru,Premium,Mobile,2024-06-16
U04447,20,Chile,Basic,Desktop,2024-01-01
U04448,27,Ecuador,Standard,Mobile,2025-03-07
U04449,49,Mexico,Premium,SmartTV,2025-08-16
U04450,39,Mexico,Premium,SmartTV,2024-10-16
U04451,42,Ecuador,Basic,Mobile,2025-11-16
U04452,40,United States,Basic,Mobile,2025-04-12
U04453,40,Ecuador,Basic,SmartTV,2024-02-14
U04454,57,United States,Basic,SmartTV,2024-09-12
U04455,36,Chile,Basic,SmartTV,2023-11-20
U04456,23,Colombia,Basic,SmartTV,2023-11-25
U04457,43,Ecuador,Standard,Tablet,2025-08-02
U04458,28,Mexico,Basic,SmartTV,2025-03-10
U04459,34,Argentina,Standard,Desktop,2026-01-26
U04460,39,Mexico,Standard,Tablet,2026-01-16
U04461,25,Peru,Basic,SmartTV,2026-09-18
U04462,29,Ecuador,Standard,SmartTV,2026-06-05
U04463,41,Spain,Premium,SmartTV,2026-06-18
U04464,28,Spain,Standard,SmartTV,2024-09-27
U04465,47,Peru,Standard,Tablet,2025-05-25
U04466,23,Spain,Standard,Mobile,2023-05-15
U04467,23,Mexico,Standard,SmartTV,2025-07-01
U04468,58,Chile,Standard,Mobile,2025-09-18
U04469,18,Mexico,Premium,SmartTV,2023-04-19
U04470,35,Ecuador,Premium,Desktop,2023-05-23
U04471,57,Ecuador,Standard,SmartTV,2026-07-14
U04472,35,Argentina,Standard,Tablet,2024-02-11
U04473,51,United States,Premium,Mobile,2024-05-24
U04474,43,Chile,Standard,Mobile,2024-02-11
U04475,35,Ecuador,Standard,SmartTV,2023-06-18
U04476,33,Ecuador,Basic,SmartTV,2026-04-05
U04477,18,Chile,Basic,Mobile,2023-05-03
U04478,31,Mexico,Standard,Desktop,2023-05-11
U04479,38,Ecuador,Premium,Mobile,2025-08-15
U04480,38,Ecuador,Standard,Desktop,2023-01-17
U04481,65,Argentina,Premium,SmartTV,2026-10-11
U04482,38,Ecuador,Premium,Desktop,2023-10-21
U04483,43,Peru,Premium,SmartTV,2023-10-23
U04484,49,Argentina,Premium,Desktop,2026-08-24
U04485,41,Ecuador,Standard,Tablet,2023-08-03
U04486,34,Peru,Standard,SmartTV,2026-12-13
U04487,34,Ecuador,Basic,SmartTV,2024-03-16
U04488,31,Peru,Standard,SmartTV,2023-08-18
U04489,40,United States,Basic,Desktop,2026-09-19
U04490,33,Mexico,Premium,Mobile,2024-06-26
U04491,42,Ecuador,Premium,SmartTV,2025-07-02
U04492,23,Ecuador,Basic,SmartTV,2025-03-02
U04493,37,Colombia,Standard,Desktop,2024-01-17
U04494,54,United States,Standard,SmartTV,2023-11-02
U04495,32,Argentina,Standard,SmartTV,2025-04-08
U04496,57,Mexico,Premium,Tablet,2024-11-08
U04497,37,Ecuador,Basic,Tablet,2025-01-25
U04498,34,United States,Basic,SmartTV,2023-04-22
U04499,36,Spain,Premium,SmartTV,2023-12-09
U04500,31,Colombia,Basic,SmartTV,2024-09-06
U04501,18,Peru,Premium,Desktop,2023-02-21
U04502,46,Peru,Basic,SmartTV,2026-09-27
U04503,61,Mexico,Standard,Mobile,2026-11-12
U04504,41,Peru,Standard,Tablet,2023-07-01
U04505,41,Colombia,Premium,Desktop,2024-07-24
U04506,33,Mexico,Basic,Mobile,2023-04-06
U04507,49,Mexico,Premium,Desktop,2024-12-25
U04508,35,Peru,Premium,SmartTV,2024-08-20
U04509,38,Chile,Premium,Desktop,2024-07-11
U04510,18,Ecuador,Premium,SmartTV,2024-01-21
U04511,29,Chile,Premium,Desktop,2025-12-12
U04512,39,Spain,Premium,SmartTV,2023-11-04
U04513,46,Mexico,Standard,SmartTV,2023-04-04
U04514,46,United States,Premium,Tablet,2023-07-19
U04515,18,Argentina,Premium,Desktop,2026-05-20
U04516,18,Argentina,Standard,Desktop,2025-12-27
U04517,42,Chile,Basic,Mobile,2026-09-08
U04518,26,Ecuador,Basic,SmartTV,2023-06-05
U04519,46,United States,Premium,SmartTV,2026-10-03
U04520,18,Mexico,Premium,Mobile,2024-02-15
U04521,34,United States,Basic,Tablet,2025-07-17
U04522,35,Mexico,Premium,Mobile,2026-04-16
U04523,41,Chile,Standard,SmartTV,2026-08-03
U04524,23,Ecuador,Standard,SmartTV,2026-01-16
U04525,18,Peru,Premium,Tablet,2023-05-27
U04526,37,Mexico,Premium,SmartTV,2026-06-23
U04527,41,United States,Standard,SmartTV,2026-04-11
U04528,47,Spain,Premium,Mobile,2023-02-05
U04529,31,Chile,Premium,Desktop,2026-05-23
U04530,44,Peru,Premium,SmartTV,2026-07-23
U04531,41,Ecuador,Premium,Mobile,2025-10-04
U04532,51,Peru,Standard,SmartTV,2023-09-13
U04533,34,United States,Basic,Desktop,2025-01-05
U04534,18,Argentina,Basic,Desktop,2026-09-19
U04535,34,Chile,Basic,SmartTV,2024-06-24
U04536,36,Spain,Basic,Mobile,2025-01-20
U04537,41,Ecuador,Basic,SmartTV,2024-09-11
U04538,18,United States,Standard,Tablet,2023-03-15
U04539,31,Mexico,Standard,Mobile,2025-06-27
U04540,45,Ecuador,Basic,Desktop,2026-05-03
U04541,34,Argentina,Standard,Mobile,2026-08-05
U04542,31,Ecuador,Basic,SmartTV,2023-05-21
U04543,58,Mexico,Basic,SmartTV,2026-09-26
U04544,22,Colombia,Standard,Tablet,2026-03-06
U04545,50,Colombia,Premium,Desktop,2023-08-02
U04546,47,Mexico,Standard,Mobile,2025-07-14
U04547,32,Peru,Standard,Mobile,2023-12-13
U04548,35,Ecuador,Premium,Desktop,2025-05-20
U04549,35,Spain,Standard,SmartTV,2024-10-09
U04550,37,Colombia,Basic,Tablet,2025-01-19
U04551,28,Mexico,Basic,Mobile,2023-11-01
U04552,30,Mexico,Standard,SmartTV,2026-11-21
U04553,31,Ecuador,Standard,SmartTV,2023-06-16
U04554,31,United States,Premium,Tablet,2025-02-04
U04555,31,Peru,Basic,Tablet,2023-01-26
U04556,18,Colombia,Premium,Tablet,2024-05-06
U04557,36,Peru,Standard,SmartTV,2026-10-13
U04558,29,Mexico,Premium,Desktop,2025-06-09
U04559,18,Ecuador,Standard,Mobile,2023-11-05
U04560,31,Colombia,Basic,Mobile,2026-01-17
U04561,30,Chile,Standard,SmartTV,2026-07-01
U04562,50,Mexico,Basic,Tablet,2025-12-14
U04563,29,Colombia,Standard,SmartTV,2025-07-10
U04564,43,Peru,Premium,SmartTV,2025-09-01
U04565,52,Colombia,Standard,Mobile,2023-05-22
U04566,27,Colombia,Basic,SmartTV,2023-09-01
U04567,34,Mexico,Standard,Mobile,2026-01-08
U04568,56,Peru,Standard,Mobile,2025-07-23
U04569,38,Colombia,Basic,Mobile,2025-06-02
U04570,39,Colombia,Basic,Tablet,2025-03-15
U04571,30,Mexico,Premium,Desktop,2024-06-21
U04572,43,Mexico,Basic,Tablet,2026-01-04
U04573,35,Peru,Premium,SmartTV,2023-10-20
U04574,18,Mexico,Basic,SmartTV,2024-12-22
U04575,31,Mexico,Standard,SmartTV,2023-08-02
U04576,21,Ecuador,Standard,Tablet,2025-05-27
U04577,36,Peru,Basic,Mobile,2023-11-24
U04578,24,Colombia,Standard,Mobile,2024-12-01
U04579,41,Spain,Standard,Mobile,2024-12-08
U04580,36,Colombia,Standard,SmartTV,2025-02-08
U04581,20,Colombia,Premium,Mobile,2024-03-06
U04582,29,Chile,Premium,SmartTV,2026-05-25
U04583,42,Chile,Basic,Desktop,2024-09-13
U04584,49,Spain,Standard,Tablet,2026-10-04
U04585,24,Peru,Basic,SmartTV,2026-11-16
U04586,22,Colombia,Basic,SmartTV,2026-06-08
U04587,58,Mexico,Basic,SmartTV,2023-04-09
U04588,35,Argentina,Standard,Mobile,2023-05-05
U04589,36,United States,Standard,Mobile,2026-10-07
U04590,26,Mexico,Standard,SmartTV,2023-05-08
U04591,38,Chile,Premium,Tablet,2024-09-15
U04592,56,Ecuador,Premium,Mobile,2023-12-22
U04593,38,United States,Basic,SmartTV,2026-01-06
U04594,48,Mexico,Basic,SmartTV,2026-05-10
U04595,35,Ecuador,Standard,Desktop,2024-08-26
U04596,23,Chile,Standard,Tablet,2026-07-11
U04597,27,Mexico,Basic,Tablet,2024-02-08
U04598,22,Colombia,Basic,Mobile,2024-07-19
U04599,38,Argentina,Standard,SmartTV,2023-06-25
U04600,50,Mexico,Standard,Mobile,2025-12-03
U04601,37,Colombia,Standard,SmartTV,2026-02-21
U04602,31,United States,Premium,Tablet,2024-04-15
U04603,26,United States,Premium,Mobile,2026-08-27
U04604,39,Colombia,Premium,Tablet,2023-03-18
U04605,20,Peru,Standard,Tablet,2026-10-27
U04606,21,United States,Standard,SmartTV,2023-09-14
U04607,46,Peru,Basic,Desktop,2026-07-01
U04608,32,United States,Premium,Desktop,2024-06-16
U04609,31,Colombia,Standard,SmartTV,2024-03-20
U04610,33,Argentina,Basic,Mobile,2023-07-22
U04611,44,Mexico,Standard,Mobile,2023-07-23
U04612,37,Peru,Standard,Mobile,2024-03-02
U04613,26,Argentina,Premium,SmartTV,2026-08-22
U04614,27,Ecuador,Basic,Mobile,2024-07-08
U04615,33,Colombia,Standard,Desktop,2025-08-27
U04616,39,Colombia,Premium,SmartTV,2023-02-26
U04617,35,Ecuador,Standard,Mobile,2024-12-20
U04618,34,Ecuador,Standard,Desktop,2024-07-03
U04619,36,Peru,Standard,Mobile,2026-03-05
U04620,35,Colombia,Standard,Mobile,2026-10-03
U04621,26,Ecuador,Basic,Mobile,2023-01-25
U04622,48,Ecuador,Standard,Mobile,2025-01-06
U04623,29,Spain,Standard,SmartTV,2025-12-05
U04624,37,Ecuador,Basic,Mobile,2026-12-02
U04625,18,Argentina,Standard,Desktop,2024-02-02
U04626,32,Ecuador,Standard,SmartTV,2025-11-26
U04627,22,Ecuador,Standard,SmartTV,2026-01-11
U04628,23,Peru,Standard,Desktop,2023-09-04
U04629,64,Peru,Standard,Tablet,2026-08-03
U04630,38,Chile,Basic,SmartTV,2025-05-10
U04631,50,Argentina,Standard,SmartTV,2026-01-14
U04632,45,Colombia,Basic,SmartTV,2024-01-25
U04633,47,Colombia,Premium,Mobile,2026-02-16
U04634,33,Spain,Basic,SmartTV,2026-01-18
U04635,54,Ecuador,Premium,SmartTV,2024-01-02
U04636,45,Spain,Standard,Tablet,2025-11-19
U04637,35,Mexico,Premium,Tablet,2023-10-07
U04638,38,Colombia,Premium,Mobile,2025-08-05
U04639,33,Colombia,Premium,Tablet,2025-06-20
U04640,36,Peru,Standard,SmartTV,2024-03-07
U04641,34,Mexico,Standard,SmartTV,2024-09-10
U04642,40,United States,Standard,Tablet,2025-06-21
U04643,56,Colombia,Basic,Desktop,2026-12-01
U04644,21,United States,Standard,Desktop,2025-05-09
U04645,49,Colombia,Premium,Tablet,2026-11-03
U04646,31,Ecuador,Standard,Mobile,2025-03-15
U04647,50,Chile,Standard,SmartTV,2024-09-27
U04648,31,United States,Premium,SmartTV,2023-04-04
U04649,40,Chile,Basic,Tablet,2025-03-14
U04650,33,Spain,Premium,Mobile,2023-11-09
U04651,18,Chile,Premium,SmartTV,2023-04-24
U04652,56,Spain,Basic,Mobile,2025-07-07
U04653,24,Spain,Basic,Tablet,2024-01-25
U04654,36,Mexico,Premium,SmartTV,2026-04-02
U04655,22,Mexico,Basic,SmartTV,2025-07-05
U04656,19,Chile,Premium,Tablet,2023-08-24
U04657,33,United States,Standard,SmartTV,2026-05-03
U04658,28,Mexico,Standard,SmartTV,2026-10-20
U04659,21,Peru,Standard,SmartTV,2025-09-22
U04660,35,United States,Standard,SmartTV,2024-12-26
U04661,18,Mexico,Standard,SmartTV,2023-05-14
U04662,37,Mexico,Standard,SmartTV,2024-01-23
U04663,33,Mexico,Standard,Mobile,2023-04-12
U04664,18,Peru,Basic,Desktop,2025-05-09
U04665,29,Peru,Premium,SmartTV,2023-06-08
U04666,41,Colombia,Standard,Mobile,2025-10-08
U04667,22,Spain,Standard,SmartTV,2024-01-15
U04668,41,Mexico,Standard,SmartTV,2026-05-22
U04669,40,Spain,Standard,Mobile,2023-05-24
U04670,23,Colombia,Basic,SmartTV,2026-08-21
U04671,35,United States,Premium,Desktop,2024-08-02
U04672,45,Peru,Standard,SmartTV,2025-02-14
U04673,24,Peru,Premium,Mobile,2024-01-01
U04674,33,United States,Premium,Mobile,2023-03-17
U04675,49,Mexico,Standard,Mobile,2023-02-18
U04676,25,United States,Standard,SmartTV,2026-10-09
U04677,41,Mexico,Basic,SmartTV,2023-03-04
U04678,22,Colombia,Standard,SmartTV,2024-01-22
U04679,33,Peru,Standard,Mobile,2025-03-24
U04680,40,Spain,Standard,SmartTV,2026-09-06
U04681,18,Chile,Basic,SmartTV,2025-10-13
U04682,29,Argentina,Standard,SmartTV,2024-06-09
U04683,40,Ecuador,Basic,Desktop,2024-03-19
U04684,38,Peru,Standard,SmartTV,2025-07-09
U04685,29,Spain,Standard,SmartTV,2023-03-16
U04686,22,United States,Basic,SmartTV,2025-10-16
U04687,43,Colombia,Basic,SmartTV,2023-03-08
U04688,31,Ecuador,Basic,Mobile,2025-05-21
U04689,42,Ecuador,Standard,Mobile,2023-02-13
U04690,40,Ecuador,Premium,SmartTV,2024-12-18
U04691,30,Spain,Basic,SmartTV,2023-06-17
U04692,48,Chile,Standard,SmartTV,2026-06-11
U04693,28,Colombia,Basic,SmartTV,2024-07-01
U04694,49,Argentina,Standard,Mobile,2023-06-26
U04695,51,Spain,Basic,Desktop,2026-11-01
U04696,48,Peru,Premium,SmartTV,2026-08-05
U04697,33,United States,Standard,Mobile,2025-08-19
U04698,66,Chile,Standard,Tablet,2024-02-15
U04699,37,Colombia,Basic,Mobile,2025-09-06
U04700,38,United States,Premium,SmartTV,2026-02-06
U04701,35,Ecuador,Basic,Desktop,2023-03-26
U04702,21,United States,Standard,Tablet,2024-04-11
U04703,51,Mexico,Premium,SmartTV,2023-10-01
U04704,28,United States,Standard,Desktop,2023-10-11
U04705,46,Ecuador,Premium,SmartTV,2024-08-13
U04706,49,Peru,Standard,Tablet,2026-11-25
U04707,42,Spain,Premium,SmartTV,2024-06-26
U04708,27,Spain,Standard,Mobile,2026-08-26
U04709,31,Spain,Standard,SmartTV,2025-10-06
U04710,18,Colombia,Standard,Desktop,2023-11-25
U04711,34,Mexico,Standard,Desktop,2024-05-25
U04712,45,Peru,Standard,SmartTV,2025-02-06
U04713,32,Colombia,Standard,Tablet,2024-10-27
U04714,28,Chile,Standard,Mobile,2023-03-20
U04715,31,Argentina,Basic,Desktop,2026-09-03
U04716,50,Chile,Standard,Desktop,2023-10-15
U04717,34,Colombia,Premium,Tablet,2026-12-14
U04718,57,Spain,Basic,Tablet,2023-04-04
U04719,28,United States,Basic,Tablet,2024-06-09
U04720,38,Peru,Standard,Mobile,2023-05-23
U04721,30,Spain,Basic,Mobile,2023-04-23
U04722,60,Spain,Standard,SmartTV,2026-04-18
U04723,37,Colombia,Standard,Mobile,2025-10-05
U04724,61,Argentina,Standard,Mobile,2025-04-11
U04725,30,United States,Premium,Desktop,2023-03-16
U04726,53,Argentina,Premium,SmartTV,2023-11-08
U04727,36,Ecuador,Standard,SmartTV,2025-06-13
U04728,45,Mexico,Premium,SmartTV,2023-11-01
U04729,20,Argentina,Standard,Mobile,2023-08-15
U04730,39,Mexico,Basic,SmartTV,2024-03-04
U04731,22,Ecuador,Standard,SmartTV,2025-08-27
U04732,38,Ecuador,Standard,Desktop,2025-10-15
U04733,18,Spain,Standard,SmartTV,2025-11-24
U04734,34,Chile,Standard,SmartTV,2026-03-02
U04735,48,United States,Basic,Mobile,2023-12-04
U04736,42,Peru,Basic,SmartTV,2025-02-02
U04737,20,Spain,Standard,SmartTV,2026-01-01
U04738,18,Ecuador,Premium,SmartTV,2025-09-08
U04739,41,Spain,Premium,Tablet,2024-03-12
U04740,54,Spain,Standard,SmartTV,2025-11-14
U04741,23,Peru,Standard,SmartTV,2024-08-20
U04742,60,Colombia,Basic,Desktop,2026-02-22
U04743,35,United States,Standard,SmartTV,2025-01-14
U04744,18,Argentina,Standard,SmartTV,2026-03-14
U04745,18,Mexico,Premium,Tablet,2026-04-22
U04746,44,Peru,Standard,SmartTV,2023-01-02
U04747,37,United States,Premium,SmartTV,2025-05-19
U04748,53,Argentina,Premium,SmartTV,2025-09-27
U04749,21,Peru,Basic,SmartTV,2024-06-10
U04750,36,Chile,Premium,Mobile,2025-10-01
U04751,35,Ecuador,Basic,SmartTV,2025-07-25
U04752,33,Spain,Premium,SmartTV,2023-06-23
U04753,30,Spain,Standard,SmartTV,2026-06-03
U04754,31,Peru,Standard,SmartTV,2026-05-21
U04755,37,Colombia,Standard,Tablet,2024-12-07
U04756,39,Colombia,Standard,Tablet,2023-01-17
U04757,38,Ecuador,Premium,SmartTV,2023-08-09
U04758,49,United States,Premium,SmartTV,2026-12-20
U04759,21,Argentina,Standard,SmartTV,2025-01-26
U04760,18,Peru,Premium,SmartTV,2023-08-07
U04761,47,Ecuador,Standard,Desktop,2025-01-12
U04762,24,Ecuador,Standard,Tablet,2023-03-22
U04763,30,Argentina,Basic,Desktop,2023-09-15
U04764,28,Colombia,Premium,SmartTV,2025-03-18
U04765,27,Peru,Standard,Mobile,2024-09-01
U04766,18,United States,Standard,SmartTV,2026-01-26
U04767,28,Mexico,Standard,Desktop,2024-03-01
U04768,43,Spain,Premium,SmartTV,2025-09-09
U04769,35,Ecuador,Basic,Tablet,2023-09-05
U04770,41,Peru,Standard,Mobile,2023-08-09
U04771,29,United States,Standard,Mobile,2023-12-23
U04772,46,Spain,Basic,Tablet,2024-05-12
U04773,29,Argentina,Standard,Mobile,2023-04-24
U04774,18,Mexico,Premium,SmartTV,2023-09-07
U04775,39,Colombia,Standard,SmartTV,2025-11-19
U04776,44,Mexico,Premium,SmartTV,2026-08-12
U04777,28,Ecuador,Premium,Mobile,2024-05-08
U04778,49,Colombia,Basic,SmartTV,2025-04-10
U04779,25,Chile,Standard,Tablet,2024-02-01
U04780,43,Ecuador,Basic,Desktop,2026-09-02
U04781,56,Colombia,Standard,SmartTV,2023-04-25
U04782,35,Ecuador,Standard,Desktop,2025-07-16
U04783,32,Peru,Standard,Tablet,2025-07-03
U04784,34,Spain,Premium,Mobile,2026-05-07
U04785,55,United States,Premium,Desktop,2026-06-07
U04786,40,Ecuador,Standard,Mobile,2025-11-15
U04787,61,Colombia,Premium,Tablet,2023-08-10
U04788,38,Spain,Premium,SmartTV,2026-05-06
U04789,27,Ecuador,Standard,Mobile,2026-06-08
U04790,28,Argentina,Basic,Mobile,2025-08-17
U04791,36,Ecuador,Premium,Tablet,2024-09-18
U04792,18,Mexico,Premium,Mobile,2025-01-17
U04793,29,Colombia,Standard,SmartTV,2025-07-17
U04794,30,Argentina,Standard,SmartTV,2024-12-02
U04795,38,Chile,Standard,SmartTV,2023-03-17
U04796,58,Ecuador,Standard,SmartTV,2026-04-01
U04797,36,Peru,Premium,SmartTV,2024-05-07
U04798,18,Chile,Premium,Mobile,2025-09-21
U04799,24,United States,Basic,SmartTV,2025-12-20
U04800,38,Chile,Basic,Mobile,2025-03-02
U04801,36,Ecuador,Standard,SmartTV,2024-06-08
U04802,54,Mexico,Standard,SmartTV,2026-04-22
U04803,47,Colombia,Premium,SmartTV,2023-01-07
U04804,46,Spain,Basic,Tablet,2024-09-26
U04805,32,Spain,Premium,Tablet,2023-12-16
U04806,48,Ecuador,Standard,Desktop,2024-10-18
U04807,24,Mexico,Standard,SmartTV,2025-01-07
U04808,47,Mexico,Standard,SmartTV,2026-09-03
U04809,32,Colombia,Premium,Tablet,2026-06-06
U04810,18,Mexico,Standard,Mobile,2025-08-10
U04811,42,Chile,Standard,SmartTV,2025-09-08
U04812,52,Chile,Standard,SmartTV,2025-07-01
U04813,30,Mexico,Standard,Desktop,2024-11-23
U04814,54,Mexico,Standard,SmartTV,2024-04-14
U04815,18,Argentina,Premium,Desktop,2025-08-12
U04816,21,Chile,Standard,Mobile,2026-09-11
U04817,33,Argentina,Basic,SmartTV,2026-10-24
U04818,31,Chile,Standard,Mobile,2024-03-10
U04819,27,Mexico,Standard,Desktop,2025-01-21
U04820,37,Colombia,Standard,SmartTV,2023-07-07
U04821,29,Chile,Basic,SmartTV,2023-02-21
U04822,31,Chile,Basic,SmartTV,2025-09-06
U04823,38,Colombia,Standard,Tablet,2024-02-21
U04824,27,Ecuador,Standard,SmartTV,2026-02-05
U04825,34,Chile,Standard,Mobile,2024-08-10
U04826,27,Ecuador,Basic,Mobile,2025-03-04
U04827,21,Peru,Basic,SmartTV,2023-03-22
U04828,44,Peru,Basic,Desktop,2024-02-05
U04829,55,Mexico,Standard,Tablet,2024-06-04
U04830,48,United States,Standard,SmartTV,2024-10-11
U04831,39,Spain,Standard,SmartTV,2023-09-02
U04832,27,United States,Standard,Tablet,2026-05-24
U04833,32,United States,Standard,SmartTV,2023-03-18
U04834,48,Ecuador,Standard,SmartTV,2023-09-22
U04835,18,Colombia,Standard,SmartTV,2026-07-17
U04836,31,Colombia,Standard,Mobile,2025-06-11
U04837,44,Ecuador,Standard,SmartTV,2023-01-14
U04838,21,Spain,Standard,Mobile,2023-12-19
U04839,40,United States,Standard,SmartTV,2024-02-05
U04840,40,Mexico,Premium,Tablet,2025-09-22
U04841,18,United States,Standard,SmartTV,2025-01-15
U04842,36,Argentina,Standard,Mobile,2026-11-01
U04843,28,Peru,Standard,Mobile,2025-03-12
U04844,40,Ecuador,Premium,Tablet,2023-01-27
U04845,43,United States,Standard,Mobile,2024-01-10
U04846,40,Mexico,Standard,SmartTV,2023-08-27
U04847,36,Peru,Standard,SmartTV,2026-10-02
U04848,38,Ecuador,Standard,Desktop,2025-02-04
U04849,21,Spain,Standard,SmartTV,2025-03-14
U04850,35,Spain,Standard,Mobile,2023-07-16
U04851,25,Chile,Standard,SmartTV,2026-03-10
U04852,47,United States,Standard,Mobile,2023-10-26
U04853,43,Peru,Basic,Desktop,2023-09-13
U04854,43,United States,Premium,Desktop,2024-08-07
U04855,56,Mexico,Standard,Tablet,2023-02-04
U04856,31,Argentina,Basic,SmartTV,2023-07-14
U04857,28,United States,Basic,SmartTV,2026-07-04
U04858,31,Spain,Standard,SmartTV,2025-08-12
U04859,18,Colombia,Standard,SmartTV,2023-01-15
U04860,18,Spain,Standard,SmartTV,2023-05-17
U04861,42,Chile,Standard,SmartTV,2024-04-18
U04862,18,Ecuador,Basic,SmartTV,2026-07-07
U04863,22,Mexico,Standard,Desktop,2026-01-06
U04864,34,Chile,Premium,Tablet,2023-09-06
U04865,30,Chile,Premium,Tablet,2026-08-19
U04866,46,Peru,Premium,Mobile,2026-01-20
U04867,36,Ecuador,Basic,Tablet,2024-11-25
U04868,25,Colombia,Premium,Mobile,2026-03-22
U04869,47,Argentina,Premium,SmartTV,2025-11-23
U04870,44,Colombia,Standard,SmartTV,2023-06-25
U04871,18,Mexico,Standard,Mobile,2026-03-18
U04872,38,Chile,Standard,Mobile,2023-06-04
U04873,26,Colombia,Standard,SmartTV,2026-01-24
U04874,26,Colombia,Premium,SmartTV,2025-04-26
U04875,57,Peru,Standard,SmartTV,2024-01-24
U04876,36,United States,Basic,SmartTV,2023-08-05
U04877,32,United States,Standard,Desktop,2024-12-09
U04878,36,Peru,Standard,Mobile,2024-12-22
U04879,45,Ecuador,Standard,Tablet,2023-10-20
U04880,27,Mexico,Standard,SmartTV,2023-04-23
U04881,29,Peru,Premium,SmartTV,2023-06-20
U04882,43,Chile,Basic,Desktop,2025-06-11
U04883,18,Peru,Basic,Tablet,2023-03-02
U04884,47,Mexico,Standard,Mobile,2024-07-06
U04885,18,Colombia,Premium,Mobile,2023-09-20
U04886,32,United States,Premium,Desktop,2023-10-07
U04887,18,Peru,Premium,SmartTV,2024-12-13
U04888,22,Peru,Premium,Mobile,2024-05-18
U04889,51,United States,Standard,Desktop,2025-06-14
U04890,48,Peru,Standard,SmartTV,2024-12-08
U04891,49,Ecuador,Standard,SmartTV,2025-07-09
U04892,18,Ecuador,Standard,Mobile,2026-03-16
U04893,22,Argentina,Standard,SmartTV,2025-02-14
U04894,39,Mexico,Basic,Desktop,2026-05-12
U04895,44,Chile,Standard,Desktop,2024-03-25
U04896,25,Ecuador,Standard,Mobile,2025-01-13
U04897,28,Ecuador,Basic,Tablet,2023-07-07
U04898,21,Peru,Premium,SmartTV,2026-09-08
U04899,55,Peru,Basic,Mobile,2023-05-01
U04900,29,Peru,Premium,Desktop,2026-11-16
U04901,35,Chile,Basic,Mobile,2024-08-25
U04902,36,Argentina,Premium,SmartTV,2024-02-22
U04903,48,Mexico,Standard,SmartTV,2025-08-13
U04904,24,Mexico,Basic,Mobile,2025-11-27
U04905,49,Mexico,Basic,Tablet,2023-08-01
U04906,20,Colombia,Standard,Desktop,2026-12-11
U04907,49,Mexico,Premium,Mobile,2024-02-07
U04908,18,Ecuador,Basic,Mobile,2026-06-20
U04909,34,Argentina,Basic,Mobile,2026-11-13
U04910,55,Chile,Standard,SmartTV,2026-10-14
U04911,43,Mexico,Standard,SmartTV,2025-05-19
U04912,40,Spain,Standard,SmartTV,2024-01-16
U04913,22,Peru,Basic,Mobile,2023-12-10
U04914,26,Ecuador,Standard,Desktop,2025-03-02
U04915,51,United States,Basic,SmartTV,2025-08-09
U04916,41,Peru,Standard,SmartTV,2023-07-19
U04917,46,Peru,Standard,Mobile,2023-03-26
U04918,36,Colombia,Premium,Mobile,2026-01-13
U04919,32,Peru,Standard,Tablet,2024-05-03
U04920,44,Chile,Standard,SmartTV,2025-06-05
U04921,38,Spain,Premium,Mobile,2026-06-27
U04922,33,Argentina,Premium,SmartTV,2023-07-19
U04923,18,Chile,Premium,Desktop,2024-03-15
U04924,46,Argentina,Standard,SmartTV,2023-02-20
U04925,40,Spain,Premium,Tablet,2023-07-24
U04926,28,Ecuador,Basic,Mobile,2024-01-18
U04927,49,Mexico,Premium,Tablet,2026-07-20
U04928,38,Ecuador,Standard,Mobile,2024-04-11
U04929,38,Colombia,Standard,Desktop,2024-12-10
U04930,46,Argentina,Premium,SmartTV,2026-02-07
U04931,43,Spain,Standard,SmartTV,2024-05-22
U04932,39,United States,Standard,Mobile,2024-06-24
U04933,33,Chile,Premium,Mobile,2023-01-01
U04934,59,Ecuador,Standard,Desktop,2025-01-14
U04935,26,Ecuador,Standard,Desktop,2026-08-12
U04936,44,Colombia,Basic,Desktop,2023-06-09
U04937,34,Peru,Standard,Mobile,2024-08-16
U04938,40,Chile,Basic,Tablet,2023-09-15
U04939,50,Mexico,Standard,SmartTV,2026-09-12
U04940,31,Ecuador,Premium,Tablet,2025-10-07
U04941,42,Colombia,Standard,Mobile,2026-02-08
U04942,38,Ecuador,Premium,Mobile,2025-03-09
U04943,27,Argentina,Standard,SmartTV,2023-06-09
U04944,50,Colombia,Premium,SmartTV,2023-04-25
U04945,44,Ecuador,Basic,SmartTV,2023-02-27
U04946,30,Peru,Standard,Mobile,2024-09-06
U04947,48,Colombia,Standard,SmartTV,2024-09-05
U04948,25,Peru,Premium,SmartTV,2026-03-04
U04949,35,Spain,Premium,Desktop,2026-06-02
U04950,30,Peru,Premium,SmartTV,2023-08-04
U04951,44,Ecuador,Basic,Mobile,2025-08-14
U04952,29,Colombia,Standard,Mobile,2026-04-10
U04953,44,Ecuador,Standard,Tablet,2023-02-21
U04954,42,United States,Basic,SmartTV,2025-07-23
U04955,30,Mexico,Premium,Mobile,2024-07-20
U04956,57,Chile,Standard,Desktop,2023-06-27
U04957,26,Mexico,Premium,Mobile,2023-12-23
U04958,18,Colombia,Premium,Tablet,2023-09-22
U04959,45,Peru,Basic,SmartTV,2026-07-24
U04960,18,Colombia,Standard,SmartTV,2024-08-12
U04961,53,Spain,Standard,Tablet,2026-12-16
U04962,36,Argentina,Premium,Desktop,2025-04-07
U04963,18,Colombia,Standard,Tablet,2024-10-10
U04964,24,Argentina,Basic,SmartTV,2025-11-06
U04965,18,Ecuador,Standard,SmartTV,2024-06-23
U04966,40,Colombia,Standard,Tablet,2024-05-25
U04967,19,Ecuador,Standard,SmartTV,2023-02-12
U04968,41,Colombia,Premium,Mobile,2024-03-11
U04969,31,Colombia,Basic,Mobile,2025-01-05
U04970,29,United States,Basic,Desktop,2024-11-04
U04971,41,Colombia,Standard,Mobile,2025-12-23
U04972,42,Peru,Premium,Desktop,2023-07-13
U04973,49,Ecuador,Basic,SmartTV,2024-07-20
U04974,27,Ecuador,Basic,Mobile,2023-01-11
U04975,35,Colombia,Standard,Tablet,2026-06-15
U04976,27,Ecuador,Standard,Mobile,2025-09-10
U04977,37,Peru,Basic,Mobile,2026-07-03
U04978,26,Colombia,Premium,Mobile,2023-12-15
U04979,30,Ecuador,Premium,Tablet,2024-01-18
U04980,30,Mexico,Standard,SmartTV,2023-09-07
U04981,39,United States,Basic,Mobile,2025-02-08
U04982,35,Ecuador,Standard,Mobile,2025-03-18
U04983,41,Argentina,Basic,Desktop,2023-11-20
U04984,34,Mexico,Standard,Tablet,2026-09-23
U04985,28,Mexico,Premium,SmartTV,2023-01-15
U04986,37,Mexico,Basic,Desktop,2026-12-17
U04987,24,Chile,Basic,Desktop,2023-01-06
U04988,42,United States,Basic,Mobile,2025-07-21
U04989,32,Ecuador,Basic,SmartTV,2026-09-25
U04990,37,Chile,Standard,SmartTV,2024-08-17
U04991,38,Mexico,Standard,SmartTV,2023-08-03
U04992,54,United States,Premium,Mobile,2023-08-26
U04993,40,Chile,Basic,Mobile,2023-07-14
U04994,36,United States,Standard,SmartTV,2024-07-09
U04995,27,Mexico,Premium,SmartTV,2024-04-01
U04996,45,Mexico,Standard,SmartTV,2024-03-13
U04997,32,Spain,Premium,SmartTV,2026-07-19
U04998,18,Argentina,Standard,SmartTV,2026-01-11
U04999,33,Chile,Basic,Tablet,2023-06-11
U05000,37,Argentina,Basic,Desktop,2026-02-06
